{
    "counter": {
        "ACTIVE": 248,
        "INACTIVE": 9,
        "INVALID": 0,
        "MALICIOUS": 0,
        "SANE": 0,
        "VALID": 0,
        "total": 257
    },
    "percentage": {
        "ACTIVE": 96.49805447470817,
        "INACTIVE": 3.673469387755102,
        "INVALID": 0,
        "MALICIOUS": 0,
        "SANE": 0,
        "VALID": 0,
        "total": 100.17152386246327
    }
}