{
    "counter": {
        "ACTIVE": 431,
        "INACTIVE": 12,
        "INVALID": 0,
        "MALICIOUS": 0,
        "SANE": 0,
        "VALID": 0,
        "total": 443
    },
    "percentage": {
        "ACTIVE": 97.29119638826185,
        "INACTIVE": 2.771362586605081,
        "INVALID": 0,
        "MALICIOUS": 0,
        "SANE": 0,
        "VALID": 0,
        "total": 100.06255897486693
    }
}