{
    "counter": {
        "ACTIVE": 152,
        "INACTIVE": 5,
        "INVALID": 0,
        "MALICIOUS": 0,
        "SANE": 0,
        "VALID": 0,
        "total": 157
    },
    "percentage": {
        "ACTIVE": 96.81528662420382,
        "INACTIVE": 3.2679738562091503,
        "INVALID": 0,
        "MALICIOUS": 0,
        "SANE": 0,
        "VALID": 0,
        "total": 100.08326048041297
    }
}