{
    "counter": {
        "ACTIVE": 505,
        "INACTIVE": 15,
        "INVALID": 0,
        "MALICIOUS": 0,
        "SANE": 0,
        "VALID": 0,
        "total": 520
    },
    "percentage": {
        "ACTIVE": 97.30250481695569,
        "INACTIVE": 2.8846153846153846,
        "INVALID": 0,
        "MALICIOUS": 0,
        "SANE": 0,
        "VALID": 0,
        "total": 100.18712020157108
    }
}