{
    "counter": {
        "ACTIVE": 42,
        "INACTIVE": 1,
        "INVALID": 0,
        "MALICIOUS": 0,
        "SANE": 0,
        "VALID": 0,
        "total": 43
    },
    "percentage": {
        "ACTIVE": 97.67441860465117,
        "INACTIVE": 2.7027027027027026,
        "INVALID": 0,
        "MALICIOUS": 0,
        "SANE": 0,
        "VALID": 0,
        "total": 100.37712130735387
    }
}