{
    "counter": {
        "ACTIVE": 46,
        "INACTIVE": 6,
        "INVALID": 0,
        "MALICIOUS": 0,
        "SANE": 0,
        "VALID": 0,
        "total": 52
    },
    "percentage": {
        "ACTIVE": 90.19607843137256,
        "INACTIVE": 11.538461538461538,
        "INVALID": 0,
        "MALICIOUS": 0,
        "SANE": 0,
        "VALID": 0,
        "total": 101.73453996983409
    }
}