{
    "counter": {
        "ACTIVE": 88,
        "INACTIVE": 13,
        "INVALID": 0,
        "MALICIOUS": 0,
        "SANE": 0,
        "VALID": 0,
        "total": 101
    },
    "percentage": {
        "ACTIVE": 87.12871287128714,
        "INACTIVE": 13.68421052631579,
        "INVALID": 0,
        "MALICIOUS": 0,
        "SANE": 0,
        "VALID": 0,
        "total": 100.81292339760293
    }
}