{
    "counter": {
        "ACTIVE": 120,
        "INACTIVE": 15,
        "INVALID": 0,
        "MALICIOUS": 0,
        "SANE": 0,
        "VALID": 0,
        "total": 135
    },
    "percentage": {
        "ACTIVE": 88.88888888888889,
        "INACTIVE": 12.195121951219512,
        "INVALID": 0,
        "MALICIOUS": 0,
        "SANE": 0,
        "VALID": 0,
        "total": 101.08401084010839
    }
}