{
    "counter": {
        "ACTIVE": 119,
        "INACTIVE": 15,
        "INVALID": 0,
        "MALICIOUS": 0,
        "SANE": 0,
        "VALID": 0,
        "total": 134
    },
    "percentage": {
        "ACTIVE": 88.80597014925372,
        "INACTIVE": 12.195121951219512,
        "INVALID": 0,
        "MALICIOUS": 0,
        "SANE": 0,
        "VALID": 0,
        "total": 101.00109210047324
    }
}