{
    "counter": {
        "ACTIVE": 118,
        "INACTIVE": 15,
        "INVALID": 0,
        "MALICIOUS": 0,
        "SANE": 0,
        "VALID": 0,
        "total": 133
    },
    "percentage": {
        "ACTIVE": 88.7218045112782,
        "INACTIVE": 12.195121951219512,
        "INVALID": 0,
        "MALICIOUS": 0,
        "SANE": 0,
        "VALID": 0,
        "total": 100.91692646249771
    }
}