{
    "counter": {
        "ACTIVE": 271,
        "INACTIVE": 5,
        "INVALID": 0,
        "MALICIOUS": 0,
        "SANE": 0,
        "VALID": 0,
        "total": 276
    },
    "percentage": {
        "ACTIVE": 98.18840579710145,
        "INACTIVE": 2.1645021645021645,
        "INVALID": 0,
        "MALICIOUS": 0,
        "SANE": 0,
        "VALID": 0,
        "total": 100.35290796160362
    }
}