{
    "counter": {
        "ACTIVE": 573,
        "INACTIVE": 59,
        "INVALID": 0,
        "MALICIOUS": 0,
        "SANE": 0,
        "VALID": 0,
        "total": 632
    },
    "percentage": {
        "ACTIVE": 90.66455696202532,
        "INACTIVE": 9.75206611570248,
        "INVALID": 0,
        "MALICIOUS": 0,
        "SANE": 0,
        "VALID": 0,
        "total": 100.41662307772779
    }
}