{
    "counter": {
        "ACTIVE": 409,
        "INACTIVE": 13,
        "INVALID": 0,
        "MALICIOUS": 0,
        "SANE": 0,
        "VALID": 0,
        "total": 422
    },
    "percentage": {
        "ACTIVE": 96.91943127962085,
        "INACTIVE": 3.0952380952380953,
        "INVALID": 0,
        "MALICIOUS": 0,
        "SANE": 0,
        "VALID": 0,
        "total": 100.01466937485895
    }
}