{
    "counter": {
        "ACTIVE": 568,
        "INACTIVE": 59,
        "INVALID": 0,
        "MALICIOUS": 0,
        "SANE": 0,
        "VALID": 0,
        "total": 627
    },
    "percentage": {
        "ACTIVE": 90.59011164274322,
        "INACTIVE": 9.75206611570248,
        "INVALID": 0,
        "MALICIOUS": 0,
        "SANE": 0,
        "VALID": 0,
        "total": 100.3421777584457
    }
}