{
    "counter": {
        "ACTIVE": 561,
        "INACTIVE": 59,
        "INVALID": 0,
        "MALICIOUS": 0,
        "SANE": 0,
        "VALID": 0,
        "total": 620
    },
    "percentage": {
        "ACTIVE": 90.48387096774194,
        "INACTIVE": 9.75206611570248,
        "INVALID": 0,
        "MALICIOUS": 0,
        "SANE": 0,
        "VALID": 0,
        "total": 100.23593708344441
    }
}