{
    "counter": {
        "ACTIVE": 135,
        "INACTIVE": 1,
        "INVALID": 0,
        "MALICIOUS": 0,
        "SANE": 0,
        "VALID": 0,
        "total": 136
    },
    "percentage": {
        "ACTIVE": 99.26470588235294,
        "INACTIVE": 1.4285714285714286,
        "INVALID": 0,
        "MALICIOUS": 0,
        "SANE": 0,
        "VALID": 0,
        "total": 100.69327731092437
    }
}