{
    "counter": {
        "ACTIVE": 512,
        "INACTIVE": 57,
        "INVALID": 0,
        "MALICIOUS": 0,
        "SANE": 0,
        "VALID": 0,
        "total": 569
    },
    "percentage": {
        "ACTIVE": 89.98242530755712,
        "INACTIVE": 10.106382978723405,
        "INVALID": 0,
        "MALICIOUS": 0,
        "SANE": 0,
        "VALID": 0,
        "total": 100.08880828628052
    }
}