{
    "counter": {
        "ACTIVE": 518,
        "INACTIVE": 57,
        "INVALID": 0,
        "MALICIOUS": 0,
        "SANE": 0,
        "VALID": 0,
        "total": 575
    },
    "percentage": {
        "ACTIVE": 90.08695652173913,
        "INACTIVE": 10.106382978723405,
        "INVALID": 0,
        "MALICIOUS": 0,
        "SANE": 0,
        "VALID": 0,
        "total": 100.19333950046253
    }
}