{
    "counter": {
        "ACTIVE": 472,
        "INACTIVE": 21,
        "INVALID": 0,
        "MALICIOUS": 0,
        "SANE": 0,
        "VALID": 0,
        "total": 493
    },
    "percentage": {
        "ACTIVE": 95.74036511156187,
        "INACTIVE": 4.312114989733059,
        "INVALID": 0,
        "MALICIOUS": 0,
        "SANE": 0,
        "VALID": 0,
        "total": 100.05248010129493
    }
}