{
    "counter": {
        "ACTIVE": 572,
        "INACTIVE": 59,
        "INVALID": 0,
        "MALICIOUS": 0,
        "SANE": 0,
        "VALID": 0,
        "total": 631
    },
    "percentage": {
        "ACTIVE": 90.64976228209191,
        "INACTIVE": 9.75206611570248,
        "INVALID": 0,
        "MALICIOUS": 0,
        "SANE": 0,
        "VALID": 0,
        "total": 100.40182839779439
    }
}