{
    "counter": {
        "ACTIVE": 514,
        "INACTIVE": 57,
        "INVALID": 0,
        "MALICIOUS": 0,
        "SANE": 0,
        "VALID": 0,
        "total": 571
    },
    "percentage": {
        "ACTIVE": 90.01751313485114,
        "INACTIVE": 10.106382978723405,
        "INVALID": 0,
        "MALICIOUS": 0,
        "SANE": 0,
        "VALID": 0,
        "total": 100.12389611357455
    }
}