{
    "counter": {
        "ACTIVE": 519,
        "INACTIVE": 57,
        "INVALID": 0,
        "MALICIOUS": 0,
        "SANE": 0,
        "VALID": 0,
        "total": 576
    },
    "percentage": {
        "ACTIVE": 90.10416666666667,
        "INACTIVE": 10.106382978723405,
        "INVALID": 0,
        "MALICIOUS": 0,
        "SANE": 0,
        "VALID": 0,
        "total": 100.21054964539007
    }
}