{
    "counter": {
        "ACTIVE": 467,
        "INACTIVE": 21,
        "INVALID": 0,
        "MALICIOUS": 0,
        "SANE": 0,
        "VALID": 0,
        "total": 488
    },
    "percentage": {
        "ACTIVE": 95.69672131147541,
        "INACTIVE": 4.312114989733059,
        "INVALID": 0,
        "MALICIOUS": 0,
        "SANE": 0,
        "VALID": 0,
        "total": 100.00883630120848
    }
}