{
    "counter": {
        "ACTIVE": 507,
        "INACTIVE": 57,
        "INVALID": 0,
        "MALICIOUS": 0,
        "SANE": 0,
        "VALID": 0,
        "total": 564
    },
    "percentage": {
        "ACTIVE": 91.51624548736461,
        "INACTIVE": 10.106382978723405,
        "INVALID": 0,
        "MALICIOUS": 0,
        "SANE": 0,
        "VALID": 0,
        "total": 101.62262846608802
    }
}