{
    "counter": {
        "ACTIVE": 468,
        "INACTIVE": 21,
        "INVALID": 0,
        "MALICIOUS": 0,
        "SANE": 0,
        "VALID": 0,
        "total": 489
    },
    "percentage": {
        "ACTIVE": 95.70552147239263,
        "INACTIVE": 4.312114989733059,
        "INVALID": 0,
        "MALICIOUS": 0,
        "SANE": 0,
        "VALID": 0,
        "total": 100.0176364621257
    }
}