{
    "counter": {
        "ACTIVE": 312,
        "INACTIVE": 17,
        "INVALID": 0,
        "MALICIOUS": 0,
        "SANE": 0,
        "VALID": 0,
        "total": 329
    },
    "percentage": {
        "ACTIVE": 94.83282674772036,
        "INACTIVE": 5.802047781569966,
        "INVALID": 0,
        "MALICIOUS": 0,
        "SANE": 0,
        "VALID": 0,
        "total": 100.63487452929033
    }
}