{
    "counter": {
        "ACTIVE": 396,
        "INACTIVE": 19,
        "INVALID": 0,
        "MALICIOUS": 0,
        "SANE": 0,
        "VALID": 0,
        "total": 415
    },
    "percentage": {
        "ACTIVE": 95.42168674698796,
        "INACTIVE": 5.205479452054795,
        "INVALID": 0,
        "MALICIOUS": 0,
        "SANE": 0,
        "VALID": 0,
        "total": 100.62716619904275
    }
}