{
    "counter": {
        "ACTIVE": 200,
        "INACTIVE": 12,
        "INVALID": 0,
        "MALICIOUS": 0,
        "SANE": 0,
        "VALID": 0,
        "total": 212
    },
    "percentage": {
        "ACTIVE": 94.33962264150944,
        "INACTIVE": 5.797101449275362,
        "INVALID": 0,
        "MALICIOUS": 0,
        "SANE": 0,
        "VALID": 0,
        "total": 100.1367240907848
    }
}