{
    "counter": {
        "ACTIVE": 160,
        "INACTIVE": 11,
        "INVALID": 0,
        "MALICIOUS": 0,
        "SANE": 0,
        "VALID": 0,
        "total": 171
    },
    "percentage": {
        "ACTIVE": 93.5672514619883,
        "INACTIVE": 7.857142857142857,
        "INVALID": 0,
        "MALICIOUS": 0,
        "SANE": 0,
        "VALID": 0,
        "total": 101.42439431913117
    }
}