{
    "counter": {
        "ACTIVE": 229,
        "INACTIVE": 15,
        "INVALID": 0,
        "MALICIOUS": 0,
        "SANE": 0,
        "VALID": 0,
        "total": 244
    },
    "percentage": {
        "ACTIVE": 94.23868312757202,
        "INACTIVE": 6.147540983606557,
        "INVALID": 0,
        "MALICIOUS": 0,
        "SANE": 0,
        "VALID": 0,
        "total": 100.38622411117858
    }
}