{
    "counter": {
        "ACTIVE": 120,
        "INACTIVE": 9,
        "INVALID": 0,
        "MALICIOUS": 0,
        "SANE": 0,
        "VALID": 0,
        "total": 129
    },
    "percentage": {
        "ACTIVE": 93.02325581395348,
        "INACTIVE": 7.964601769911504,
        "INVALID": 0,
        "MALICIOUS": 0,
        "SANE": 0,
        "VALID": 0,
        "total": 100.987857583865
    }
}