{
    "counter": {
        "ACTIVE": 68,
        "INACTIVE": 5,
        "INVALID": 0,
        "MALICIOUS": 0,
        "SANE": 0,
        "VALID": 0,
        "total": 73
    },
    "percentage": {
        "ACTIVE": 93.15068493150685,
        "INACTIVE": 11.363636363636363,
        "INVALID": 0,
        "MALICIOUS": 0,
        "SANE": 0,
        "VALID": 0,
        "total": 104.5143212951432
    }
}