{
    "counter": {
        "ACTIVE": 436,
        "INACTIVE": 20,
        "INVALID": 0,
        "MALICIOUS": 0,
        "SANE": 0,
        "VALID": 0,
        "total": 456
    },
    "percentage": {
        "ACTIVE": 95.82417582417582,
        "INACTIVE": 4.385964912280702,
        "INVALID": 0,
        "MALICIOUS": 0,
        "SANE": 0,
        "VALID": 0,
        "total": 100.21014073645652
    }
}