{
    "counter": {
        "ACTIVE": 288,
        "INACTIVE": 17,
        "INVALID": 0,
        "MALICIOUS": 0,
        "SANE": 0,
        "VALID": 0,
        "total": 305
    },
    "percentage": {
        "ACTIVE": 94.42622950819673,
        "INACTIVE": 5.802047781569966,
        "INVALID": 0,
        "MALICIOUS": 0,
        "SANE": 0,
        "VALID": 0,
        "total": 100.2282772897667
    }
}