{
    "counter": {
        "ACTIVE": 91,
        "INACTIVE": 6,
        "INVALID": 0,
        "MALICIOUS": 0,
        "SANE": 0,
        "VALID": 0,
        "total": 97
    },
    "percentage": {
        "ACTIVE": 93.81443298969072,
        "INACTIVE": 6.521739130434782,
        "INVALID": 0,
        "MALICIOUS": 0,
        "SANE": 0,
        "VALID": 0,
        "total": 100.3361721201255
    }
}