{
    "counter": {
        "ACTIVE": 25,
        "INACTIVE": 2,
        "INVALID": 0,
        "MALICIOUS": 0,
        "SANE": 0,
        "VALID": 0,
        "total": 27
    },
    "percentage": {
        "ACTIVE": 92.5925925925926,
        "INACTIVE": 8.333333333333334,
        "INVALID": 0,
        "MALICIOUS": 0,
        "SANE": 0,
        "VALID": 0,
        "total": 100.92592592592592
    }
}