{
    "counter": {
        "ACTIVE": 466,
        "INACTIVE": 21,
        "INVALID": 0,
        "MALICIOUS": 0,
        "SANE": 0,
        "VALID": 0,
        "total": 487
    },
    "percentage": {
        "ACTIVE": 95.68788501026694,
        "INACTIVE": 4.45859872611465,
        "INVALID": 0,
        "MALICIOUS": 0,
        "SANE": 0,
        "VALID": 0,
        "total": 100.14648373638158
    }
}