{
    "counter": {
        "ACTIVE": 552,
        "INACTIVE": 24,
        "INVALID": 0,
        "MALICIOUS": 0,
        "SANE": 0,
        "VALID": 0,
        "total": 576
    },
    "percentage": {
        "ACTIVE": 95.83333333333333,
        "INACTIVE": 4.247787610619469,
        "INVALID": 0,
        "MALICIOUS": 0,
        "SANE": 0,
        "VALID": 0,
        "total": 100.0811209439528
    }
}