{
    "counter": {
        "ACTIVE": 340,
        "INACTIVE": 18,
        "INVALID": 0,
        "MALICIOUS": 0,
        "SANE": 0,
        "VALID": 0,
        "total": 358
    },
    "percentage": {
        "ACTIVE": 95.23809523809524,
        "INACTIVE": 5.027932960893855,
        "INVALID": 0,
        "MALICIOUS": 0,
        "SANE": 0,
        "VALID": 0,
        "total": 100.26602819898909
    }
}