{
    "counter": {
        "ACTIVE": 177,
        "INACTIVE": 6,
        "INVALID": 0,
        "MALICIOUS": 0,
        "SANE": 0,
        "VALID": 0,
        "total": 183
    },
    "percentage": {
        "ACTIVE": 96.72131147540983,
        "INACTIVE": 3.409090909090909,
        "INVALID": 0,
        "MALICIOUS": 0,
        "SANE": 0,
        "VALID": 0,
        "total": 100.13040238450074
    }
}