{
    "counter": {
        "ACTIVE": 122,
        "INACTIVE": 4,
        "INVALID": 0,
        "MALICIOUS": 0,
        "SANE": 0,
        "VALID": 0,
        "total": 126
    },
    "percentage": {
        "ACTIVE": 96.82539682539682,
        "INACTIVE": 6.779661016949152,
        "INVALID": 0,
        "MALICIOUS": 0,
        "SANE": 0,
        "VALID": 0,
        "total": 103.60505784234597
    }
}