{
    "counter": {
        "ACTIVE": 44,
        "INACTIVE": 3,
        "INVALID": 0,
        "MALICIOUS": 0,
        "SANE": 0,
        "VALID": 0,
        "total": 47
    },
    "percentage": {
        "ACTIVE": 93.61702127659575,
        "INACTIVE": 6.976744186046512,
        "INVALID": 0,
        "MALICIOUS": 0,
        "SANE": 0,
        "VALID": 0,
        "total": 100.59376546264227
    }
}