{
    "counter": {
        "ACTIVE": 237,
        "INACTIVE": 6,
        "INVALID": 0,
        "MALICIOUS": 0,
        "SANE": 0,
        "VALID": 0,
        "total": 243
    },
    "percentage": {
        "ACTIVE": 97.53086419753086,
        "INACTIVE": 3.409090909090909,
        "INVALID": 0,
        "MALICIOUS": 0,
        "SANE": 0,
        "VALID": 0,
        "total": 100.93995510662177
    }
}