{
    "counter": {
        "ACTIVE": 213,
        "INACTIVE": 6,
        "INVALID": 0,
        "MALICIOUS": 0,
        "SANE": 0,
        "VALID": 0,
        "total": 219
    },
    "percentage": {
        "ACTIVE": 97.26027397260275,
        "INACTIVE": 3.409090909090909,
        "INVALID": 0,
        "MALICIOUS": 0,
        "SANE": 0,
        "VALID": 0,
        "total": 100.66936488169365
    }
}