{
    "counter": {
        "ACTIVE": 46,
        "INACTIVE": 3,
        "INVALID": 0,
        "MALICIOUS": 0,
        "SANE": 0,
        "VALID": 0,
        "total": 49
    },
    "percentage": {
        "ACTIVE": 93.87755102040816,
        "INACTIVE": 6.976744186046512,
        "INVALID": 0,
        "MALICIOUS": 0,
        "SANE": 0,
        "VALID": 0,
        "total": 100.85429520645468
    }
}