{
    "counter": {
        "ACTIVE": 1306,
        "INACTIVE": 13,
        "INVALID": 0,
        "MALICIOUS": 0,
        "SANE": 0,
        "VALID": 0,
        "total": 1319
    },
    "percentage": {
        "ACTIVE": 99.01440485216072,
        "INACTIVE": 1.1828935395814377,
        "INVALID": 0,
        "MALICIOUS": 0,
        "SANE": 0,
        "VALID": 0,
        "total": 100.19729839174217
    }
}