{
    "counter": {
        "ACTIVE": 727,
        "INACTIVE": 7,
        "INVALID": 0,
        "MALICIOUS": 0,
        "SANE": 0,
        "VALID": 0,
        "total": 734
    },
    "percentage": {
        "ACTIVE": 99.04632152588556,
        "INACTIVE": 0.9790209790209791,
        "INVALID": 0,
        "MALICIOUS": 0,
        "SANE": 0,
        "VALID": 0,
        "total": 100.02534250490653
    }
}