{
    "counter": {
        "ACTIVE": 466,
        "INACTIVE": 3,
        "INVALID": 0,
        "MALICIOUS": 0,
        "SANE": 0,
        "VALID": 0,
        "total": 469
    },
    "percentage": {
        "ACTIVE": 99.57264957264957,
        "INACTIVE": 0.6396588486140725,
        "INVALID": 0,
        "MALICIOUS": 0,
        "SANE": 0,
        "VALID": 0,
        "total": 100.21230842126364
    }
}