{
    "counter": {
        "ACTIVE": 1165,
        "INACTIVE": 13,
        "INVALID": 0,
        "MALICIOUS": 0,
        "SANE": 0,
        "VALID": 0,
        "total": 1178
    },
    "percentage": {
        "ACTIVE": 98.89643463497454,
        "INACTIVE": 1.1828935395814377,
        "INVALID": 0,
        "MALICIOUS": 0,
        "SANE": 0,
        "VALID": 0,
        "total": 100.07932817455598
    }
}