{
    "counter": {
        "ACTIVE": 1305,
        "INACTIVE": 13,
        "INVALID": 0,
        "MALICIOUS": 0,
        "SANE": 0,
        "VALID": 0,
        "total": 1318
    },
    "percentage": {
        "ACTIVE": 99.01365705614568,
        "INACTIVE": 1.1828935395814377,
        "INVALID": 0,
        "MALICIOUS": 0,
        "SANE": 0,
        "VALID": 0,
        "total": 100.19655059572712
    }
}