{
    "counter": {
        "ACTIVE": 861,
        "INACTIVE": 8,
        "INVALID": 0,
        "MALICIOUS": 0,
        "SANE": 0,
        "VALID": 0,
        "total": 869
    },
    "percentage": {
        "ACTIVE": 99.07940161104717,
        "INACTIVE": 0.9411764705882353,
        "INVALID": 0,
        "MALICIOUS": 0,
        "SANE": 0,
        "VALID": 0,
        "total": 100.0205780816354
    }
}