{
    "counter": {
        "ACTIVE": 1092,
        "INACTIVE": 13,
        "INVALID": 0,
        "MALICIOUS": 0,
        "SANE": 0,
        "VALID": 0,
        "total": 1105
    },
    "percentage": {
        "ACTIVE": 98.82352941176471,
        "INACTIVE": 1.1828935395814377,
        "INVALID": 0,
        "MALICIOUS": 0,
        "SANE": 0,
        "VALID": 0,
        "total": 100.00642295134615
    }
}