{
    "counter": {
        "ACTIVE": 641,
        "INACTIVE": 5,
        "INVALID": 0,
        "MALICIOUS": 0,
        "SANE": 0,
        "VALID": 0,
        "total": 646
    },
    "percentage": {
        "ACTIVE": 99.37984496124031,
        "INACTIVE": 0.7739938080495357,
        "INVALID": 0,
        "MALICIOUS": 0,
        "SANE": 0,
        "VALID": 0,
        "total": 100.15383876928985
    }
}