{
    "counter": {
        "ACTIVE": 88,
        "INACTIVE": 20,
        "INVALID": 0,
        "MALICIOUS": 0,
        "SANE": 0,
        "VALID": 0,
        "total": 108
    },
    "percentage": {
        "ACTIVE": 81.48148148148148,
        "INACTIVE": 19.047619047619047,
        "INVALID": 0,
        "MALICIOUS": 0,
        "SANE": 0,
        "VALID": 0,
        "total": 100.52910052910053
    }
}