{
    "counter": {
        "ACTIVE": 92,
        "INACTIVE": 22,
        "INVALID": 0,
        "MALICIOUS": 0,
        "SANE": 0,
        "VALID": 0,
        "total": 114
    },
    "percentage": {
        "ACTIVE": 80.70175438596492,
        "INACTIVE": 19.469026548672566,
        "INVALID": 0,
        "MALICIOUS": 0,
        "SANE": 0,
        "VALID": 0,
        "total": 100.17078093463749
    }
}