{
    "counter": {
        "ACTIVE": 85,
        "INACTIVE": 20,
        "INVALID": 0,
        "MALICIOUS": 0,
        "SANE": 0,
        "VALID": 0,
        "total": 105
    },
    "percentage": {
        "ACTIVE": 94.44444444444444,
        "INACTIVE": 19.047619047619047,
        "INVALID": 0,
        "MALICIOUS": 0,
        "SANE": 0,
        "VALID": 0,
        "total": 113.4920634920635
    }
}