{
    "counter": {
        "ACTIVE": 1959,
        "INACTIVE": 26,
        "INVALID": 0,
        "MALICIOUS": 0,
        "SANE": 0,
        "VALID": 0,
        "total": 1985
    },
    "percentage": {
        "ACTIVE": 98.69017632241814,
        "INACTIVE": 1.3492475350285418,
        "INVALID": 0,
        "MALICIOUS": 0,
        "SANE": 0,
        "VALID": 0,
        "total": 100.03942385744668
    }
}