{
    "counter": {
        "ACTIVE": 1647,
        "INACTIVE": 19,
        "INVALID": 0,
        "MALICIOUS": 0,
        "SANE": 0,
        "VALID": 0,
        "total": 1666
    },
    "percentage": {
        "ACTIVE": 98.85954381752701,
        "INACTIVE": 1.307639366827254,
        "INVALID": 0,
        "MALICIOUS": 0,
        "SANE": 0,
        "VALID": 0,
        "total": 100.16718318435427
    }
}