{
    "counter": {
        "ACTIVE": 1010,
        "INACTIVE": 11,
        "INVALID": 0,
        "MALICIOUS": 0,
        "SANE": 0,
        "VALID": 0,
        "total": 1021
    },
    "percentage": {
        "ACTIVE": 98.92262487757101,
        "INACTIVE": 1.0826771653543308,
        "INVALID": 0,
        "MALICIOUS": 0,
        "SANE": 0,
        "VALID": 0,
        "total": 100.00530204292534
    }
}