{
    "counter": {
        "ACTIVE": 793,
        "INACTIVE": 9,
        "INVALID": 0,
        "MALICIOUS": 0,
        "SANE": 0,
        "VALID": 0,
        "total": 802
    },
    "percentage": {
        "ACTIVE": 98.87780548628429,
        "INACTIVE": 1.3996889580093312,
        "INVALID": 0,
        "MALICIOUS": 0,
        "SANE": 0,
        "VALID": 0,
        "total": 100.27749444429362
    }
}