{
    "counter": {
        "ACTIVE": 1792,
        "INACTIVE": 22,
        "INVALID": 0,
        "MALICIOUS": 0,
        "SANE": 0,
        "VALID": 0,
        "total": 1814
    },
    "percentage": {
        "ACTIVE": 98.84169884169884,
        "INACTIVE": 1.2127894156560088,
        "INVALID": 0,
        "MALICIOUS": 0,
        "SANE": 0,
        "VALID": 0,
        "total": 100.05448825735485
    }
}