{
    "counter": {
        "ACTIVE": 133,
        "INACTIVE": 1,
        "INVALID": 0,
        "MALICIOUS": 0,
        "SANE": 0,
        "VALID": 0,
        "total": 134
    },
    "percentage": {
        "ACTIVE": 99.25373134328358,
        "INACTIVE": 2.0833333333333335,
        "INVALID": 0,
        "MALICIOUS": 0,
        "SANE": 0,
        "VALID": 0,
        "total": 101.3370646766169
    }
}