{
    "counter": {
        "ACTIVE": 409,
        "INACTIVE": 3,
        "INVALID": 0,
        "MALICIOUS": 0,
        "SANE": 0,
        "VALID": 0,
        "total": 412
    },
    "percentage": {
        "ACTIVE": 99.51338199513383,
        "INACTIVE": 0.7281553398058253,
        "INVALID": 0,
        "MALICIOUS": 0,
        "SANE": 0,
        "VALID": 0,
        "total": 100.24153733493965
    }
}