{
    "counter": {
        "ACTIVE": 581,
        "INACTIVE": 8,
        "INVALID": 0,
        "MALICIOUS": 0,
        "SANE": 0,
        "VALID": 0,
        "total": 589
    },
    "percentage": {
        "ACTIVE": 98.64176570458405,
        "INACTIVE": 1.3605442176870748,
        "INVALID": 0,
        "MALICIOUS": 0,
        "SANE": 0,
        "VALID": 0,
        "total": 100.00230992227112
    }
}