{
    "counter": {
        "ACTIVE": 1164,
        "INACTIVE": 15,
        "INVALID": 0,
        "MALICIOUS": 0,
        "SANE": 0,
        "VALID": 0,
        "total": 1179
    },
    "percentage": {
        "ACTIVE": 98.81154499151104,
        "INACTIVE": 1.272264631043257,
        "INVALID": 0,
        "MALICIOUS": 0,
        "SANE": 0,
        "VALID": 0,
        "total": 100.0838096225543
    }
}