{
    "counter": {
        "ACTIVE": 269,
        "INACTIVE": 6,
        "INVALID": 0,
        "MALICIOUS": 0,
        "SANE": 0,
        "VALID": 0,
        "total": 275
    },
    "percentage": {
        "ACTIVE": 97.81818181818181,
        "INACTIVE": 2.2388059701492535,
        "INVALID": 0,
        "MALICIOUS": 0,
        "SANE": 0,
        "VALID": 0,
        "total": 100.05698778833107
    }
}