{
    "counter": {
        "ACTIVE": 2700,
        "INACTIVE": 140,
        "INVALID": 0,
        "MALICIOUS": 0,
        "SANE": 0,
        "VALID": 0,
        "total": 2840
    },
    "percentage": {
        "ACTIVE": 95.07042253521126,
        "INACTIVE": 4.931313842902431,
        "INVALID": 0,
        "MALICIOUS": 0,
        "SANE": 0,
        "VALID": 0,
        "total": 100.00173637811369
    }
}