{
    "counter": {
        "ACTIVE": 1686,
        "INACTIVE": 65,
        "INVALID": 0,
        "MALICIOUS": 0,
        "SANE": 0,
        "VALID": 0,
        "total": 1751
    },
    "percentage": {
        "ACTIVE": 96.28783552255854,
        "INACTIVE": 3.7334865020103387,
        "INVALID": 0,
        "MALICIOUS": 0,
        "SANE": 0,
        "VALID": 0,
        "total": 100.02132202456887
    }
}