{
    "counter": {
        "ACTIVE": 1951,
        "INACTIVE": 82,
        "INVALID": 0,
        "MALICIOUS": 0,
        "SANE": 0,
        "VALID": 0,
        "total": 2033
    },
    "percentage": {
        "ACTIVE": 95.96655189375308,
        "INACTIVE": 4.0453872718302915,
        "INVALID": 0,
        "MALICIOUS": 0,
        "SANE": 0,
        "VALID": 0,
        "total": 100.01193916558337
    }
}