{
    "counter": {
        "ACTIVE": 2363,
        "INACTIVE": 91,
        "INVALID": 0,
        "MALICIOUS": 0,
        "SANE": 0,
        "VALID": 0,
        "total": 2454
    },
    "percentage": {
        "ACTIVE": 96.2917685411573,
        "INACTIVE": 3.7249283667621778,
        "INVALID": 0,
        "MALICIOUS": 0,
        "SANE": 0,
        "VALID": 0,
        "total": 100.01669690791947
    }
}