{
    "counter": {
        "ACTIVE": 123,
        "INACTIVE": 4,
        "INVALID": 0,
        "MALICIOUS": 0,
        "SANE": 0,
        "VALID": 0,
        "total": 127
    },
    "percentage": {
        "ACTIVE": 96.85039370078741,
        "INACTIVE": 3.8461538461538463,
        "INVALID": 0,
        "MALICIOUS": 0,
        "SANE": 0,
        "VALID": 0,
        "total": 100.69654754694125
    }
}