{
    "counter": {
        "ACTIVE": 2509,
        "INACTIVE": 97,
        "INVALID": 0,
        "MALICIOUS": 0,
        "SANE": 0,
        "VALID": 0,
        "total": 2606
    },
    "percentage": {
        "ACTIVE": 96.27782041442825,
        "INACTIVE": 3.80690737833595,
        "INVALID": 0,
        "MALICIOUS": 0,
        "SANE": 0,
        "VALID": 0,
        "total": 100.0847277927642
    }
}