{
    "counter": {
        "ACTIVE": 1456,
        "INACTIVE": 61,
        "INVALID": 0,
        "MALICIOUS": 0,
        "SANE": 0,
        "VALID": 0,
        "total": 1517
    },
    "percentage": {
        "ACTIVE": 95.9789057350033,
        "INACTIVE": 4.058549567531603,
        "INVALID": 0,
        "MALICIOUS": 0,
        "SANE": 0,
        "VALID": 0,
        "total": 100.0374553025349
    }
}