{
    "counter": {
        "ACTIVE": 2341,
        "INACTIVE": 90,
        "INVALID": 0,
        "MALICIOUS": 0,
        "SANE": 0,
        "VALID": 0,
        "total": 2431
    },
    "percentage": {
        "ACTIVE": 96.29781982723159,
        "INACTIVE": 3.7267080745341614,
        "INVALID": 0,
        "MALICIOUS": 0,
        "SANE": 0,
        "VALID": 0,
        "total": 100.02452790176575
    }
}