{
    "counter": {
        "ACTIVE": 1366,
        "INACTIVE": 56,
        "INVALID": 0,
        "MALICIOUS": 0,
        "SANE": 0,
        "VALID": 0,
        "total": 1422
    },
    "percentage": {
        "ACTIVE": 96.06188466947961,
        "INACTIVE": 4.02588066139468,
        "INVALID": 0,
        "MALICIOUS": 0,
        "SANE": 0,
        "VALID": 0,
        "total": 100.08776533087429
    }
}