{
    "counter": {
        "ACTIVE": 1002,
        "INACTIVE": 46,
        "INVALID": 0,
        "MALICIOUS": 0,
        "SANE": 0,
        "VALID": 0,
        "total": 1048
    },
    "percentage": {
        "ACTIVE": 95.61068702290076,
        "INACTIVE": 4.554455445544554,
        "INVALID": 0,
        "MALICIOUS": 0,
        "SANE": 0,
        "VALID": 0,
        "total": 100.16514246844531
    }
}