{
    "counter": {
        "ACTIVE": 2325,
        "INACTIVE": 90,
        "INVALID": 0,
        "MALICIOUS": 0,
        "SANE": 0,
        "VALID": 0,
        "total": 2415
    },
    "percentage": {
        "ACTIVE": 96.31317315658657,
        "INACTIVE": 3.7267080745341614,
        "INVALID": 0,
        "MALICIOUS": 0,
        "SANE": 0,
        "VALID": 0,
        "total": 100.03988123112073
    }
}