{
    "counter": {
        "ACTIVE": 2413,
        "INACTIVE": 94,
        "INVALID": 0,
        "MALICIOUS": 0,
        "SANE": 0,
        "VALID": 0,
        "total": 2507
    },
    "percentage": {
        "ACTIVE": 96.25049860390905,
        "INACTIVE": 3.7569944044764187,
        "INVALID": 0,
        "MALICIOUS": 0,
        "SANE": 0,
        "VALID": 0,
        "total": 100.00749300838547
    }
}