{
    "counter": {
        "ACTIVE": 793,
        "INACTIVE": 36,
        "INVALID": 0,
        "MALICIOUS": 0,
        "SANE": 0,
        "VALID": 0,
        "total": 829
    },
    "percentage": {
        "ACTIVE": 95.65741857659832,
        "INACTIVE": 4.428044280442805,
        "INVALID": 0,
        "MALICIOUS": 0,
        "SANE": 0,
        "VALID": 0,
        "total": 100.08546285704112
    }
}