{
    "counter": {
        "ACTIVE": 2268,
        "INACTIVE": 89,
        "INVALID": 0,
        "MALICIOUS": 0,
        "SANE": 0,
        "VALID": 0,
        "total": 2357
    },
    "percentage": {
        "ACTIVE": 96.2240135765804,
        "INACTIVE": 4.0491355777979985,
        "INVALID": 0,
        "MALICIOUS": 0,
        "SANE": 0,
        "VALID": 0,
        "total": 100.2731491543784
    }
}