{
    "counter": {
        "ACTIVE": 1836,
        "INACTIVE": 73,
        "INVALID": 0,
        "MALICIOUS": 0,
        "SANE": 0,
        "VALID": 0,
        "total": 1909
    },
    "percentage": {
        "ACTIVE": 96.1760083813515,
        "INACTIVE": 3.8788522848034006,
        "INVALID": 0,
        "MALICIOUS": 0,
        "SANE": 0,
        "VALID": 0,
        "total": 100.0548606661549
    }
}