{
    "counter": {
        "ACTIVE": 2207,
        "INACTIVE": 89,
        "INVALID": 0,
        "MALICIOUS": 0,
        "SANE": 0,
        "VALID": 0,
        "total": 2296
    },
    "percentage": {
        "ACTIVE": 96.12369337979094,
        "INACTIVE": 4.0491355777979985,
        "INVALID": 0,
        "MALICIOUS": 0,
        "SANE": 0,
        "VALID": 0,
        "total": 100.17282895758893
    }
}