{
    "counter": {
        "ACTIVE": 2436,
        "INACTIVE": 95,
        "INVALID": 0,
        "MALICIOUS": 0,
        "SANE": 0,
        "VALID": 0,
        "total": 2531
    },
    "percentage": {
        "ACTIVE": 96.24654286843145,
        "INACTIVE": 3.781847133757962,
        "INVALID": 0,
        "MALICIOUS": 0,
        "SANE": 0,
        "VALID": 0,
        "total": 100.02839000218941
    }
}