{
    "counter": {
        "ACTIVE": 2290,
        "INACTIVE": 89,
        "INVALID": 0,
        "MALICIOUS": 0,
        "SANE": 0,
        "VALID": 0,
        "total": 2379
    },
    "percentage": {
        "ACTIVE": 96.25893232450609,
        "INACTIVE": 4.0491355777979985,
        "INVALID": 0,
        "MALICIOUS": 0,
        "SANE": 0,
        "VALID": 0,
        "total": 100.30806790230409
    }
}