{
    "counter": {
        "ACTIVE": 2459,
        "INACTIVE": 97,
        "INVALID": 0,
        "MALICIOUS": 0,
        "SANE": 0,
        "VALID": 0,
        "total": 2556
    },
    "percentage": {
        "ACTIVE": 96.20500782472614,
        "INACTIVE": 3.80690737833595,
        "INVALID": 0,
        "MALICIOUS": 0,
        "SANE": 0,
        "VALID": 0,
        "total": 100.01191520306209
    }
}