{
    "counter": {
        "ACTIVE": 1525,
        "INACTIVE": 61,
        "INVALID": 0,
        "MALICIOUS": 0,
        "SANE": 0,
        "VALID": 0,
        "total": 1586
    },
    "percentage": {
        "ACTIVE": 96.15384615384616,
        "INACTIVE": 4.058549567531603,
        "INVALID": 0,
        "MALICIOUS": 0,
        "SANE": 0,
        "VALID": 0,
        "total": 100.21239572137776
    }
}