{
    "counter": {
        "ACTIVE": 53,
        "INACTIVE": 1,
        "INVALID": 0,
        "MALICIOUS": 0,
        "SANE": 0,
        "VALID": 0,
        "total": 54
    },
    "percentage": {
        "ACTIVE": 98.14814814814815,
        "INACTIVE": 2.1739130434782608,
        "INVALID": 0,
        "MALICIOUS": 0,
        "SANE": 0,
        "VALID": 0,
        "total": 100.32206119162642
    }
}