{
    "counter": {
        "ACTIVE": 2156,
        "INACTIVE": 89,
        "INVALID": 0,
        "MALICIOUS": 0,
        "SANE": 0,
        "VALID": 0,
        "total": 2245
    },
    "percentage": {
        "ACTIVE": 96.03563474387528,
        "INACTIVE": 4.0491355777979985,
        "INVALID": 0,
        "MALICIOUS": 0,
        "SANE": 0,
        "VALID": 0,
        "total": 100.08477032167328
    }
}