{
    "counter": {
        "ACTIVE": 2679,
        "INACTIVE": 118,
        "INVALID": 0,
        "MALICIOUS": 0,
        "SANE": 0,
        "VALID": 0,
        "total": 2797
    },
    "percentage": {
        "ACTIVE": 95.84973166368515,
        "INACTIVE": 4.218805863425098,
        "INVALID": 0,
        "MALICIOUS": 0,
        "SANE": 0,
        "VALID": 0,
        "total": 100.06853752711025
    }
}