{
    "counter": {
        "ACTIVE": 2484,
        "INACTIVE": 97,
        "INVALID": 0,
        "MALICIOUS": 0,
        "SANE": 0,
        "VALID": 0,
        "total": 2581
    },
    "percentage": {
        "ACTIVE": 96.2417667570709,
        "INACTIVE": 3.80690737833595,
        "INVALID": 0,
        "MALICIOUS": 0,
        "SANE": 0,
        "VALID": 0,
        "total": 100.04867413540686
    }
}