{
    "counter": {
        "ACTIVE": 416,
        "INACTIVE": 17,
        "INVALID": 0,
        "MALICIOUS": 0,
        "SANE": 0,
        "VALID": 0,
        "total": 433
    },
    "percentage": {
        "ACTIVE": 96.07390300230946,
        "INACTIVE": 4.0476190476190474,
        "INVALID": 0,
        "MALICIOUS": 0,
        "SANE": 0,
        "VALID": 0,
        "total": 100.12152204992852
    }
}