{
    "counter": {
        "ACTIVE": 473,
        "INACTIVE": 17,
        "INVALID": 0,
        "MALICIOUS": 0,
        "SANE": 0,
        "VALID": 0,
        "total": 490
    },
    "percentage": {
        "ACTIVE": 96.53061224489795,
        "INACTIVE": 4.0476190476190474,
        "INVALID": 0,
        "MALICIOUS": 0,
        "SANE": 0,
        "VALID": 0,
        "total": 100.578231292517
    }
}