{
    "counter": {
        "ACTIVE": 1498,
        "INACTIVE": 61,
        "INVALID": 0,
        "MALICIOUS": 0,
        "SANE": 0,
        "VALID": 0,
        "total": 1559
    },
    "percentage": {
        "ACTIVE": 96.08723540731238,
        "INACTIVE": 4.058549567531603,
        "INVALID": 0,
        "MALICIOUS": 0,
        "SANE": 0,
        "VALID": 0,
        "total": 100.14578497484398
    }
}