{
    "counter": {
        "ACTIVE": 2403,
        "INACTIVE": 92,
        "INVALID": 0,
        "MALICIOUS": 0,
        "SANE": 0,
        "VALID": 0,
        "total": 2495
    },
    "percentage": {
        "ACTIVE": 96.312625250501,
        "INACTIVE": 3.7474541751527495,
        "INVALID": 0,
        "MALICIOUS": 0,
        "SANE": 0,
        "VALID": 0,
        "total": 100.06007942565375
    }
}