{
    "counter": {
        "ACTIVE": 967,
        "INACTIVE": 46,
        "INVALID": 0,
        "MALICIOUS": 0,
        "SANE": 0,
        "VALID": 0,
        "total": 1013
    },
    "percentage": {
        "ACTIVE": 95.45903257650544,
        "INACTIVE": 4.554455445544554,
        "INVALID": 0,
        "MALICIOUS": 0,
        "SANE": 0,
        "VALID": 0,
        "total": 100.01348802204998
    }
}