{
    "counter": {
        "ACTIVE": 2470,
        "INACTIVE": 97,
        "INVALID": 0,
        "MALICIOUS": 0,
        "SANE": 0,
        "VALID": 0,
        "total": 2567
    },
    "percentage": {
        "ACTIVE": 96.22126996493962,
        "INACTIVE": 3.80690737833595,
        "INVALID": 0,
        "MALICIOUS": 0,
        "SANE": 0,
        "VALID": 0,
        "total": 100.02817734327557
    }
}