{
    "counter": {
        "ACTIVE": 1653,
        "INACTIVE": 64,
        "INVALID": 0,
        "MALICIOUS": 0,
        "SANE": 0,
        "VALID": 0,
        "total": 1717
    },
    "percentage": {
        "ACTIVE": 96.27256843331392,
        "INACTIVE": 3.7825059101654848,
        "INVALID": 0,
        "MALICIOUS": 0,
        "SANE": 0,
        "VALID": 0,
        "total": 100.0550743434794
    }
}