{
    "counter": {
        "ACTIVE": 2196,
        "INACTIVE": 89,
        "INVALID": 0,
        "MALICIOUS": 0,
        "SANE": 0,
        "VALID": 0,
        "total": 2285
    },
    "percentage": {
        "ACTIVE": 96.10503282275711,
        "INACTIVE": 4.0491355777979985,
        "INVALID": 0,
        "MALICIOUS": 0,
        "SANE": 0,
        "VALID": 0,
        "total": 100.15416840055511
    }
}