{
    "counter": {
        "ACTIVE": 186,
        "INACTIVE": 5,
        "INVALID": 0,
        "MALICIOUS": 0,
        "SANE": 0,
        "VALID": 0,
        "total": 191
    },
    "percentage": {
        "ACTIVE": 97.38219895287958,
        "INACTIVE": 2.8735632183908044,
        "INVALID": 0,
        "MALICIOUS": 0,
        "SANE": 0,
        "VALID": 0,
        "total": 100.25576217127038
    }
}