{
    "counter": {
        "ACTIVE": 2713,
        "INACTIVE": 160,
        "INVALID": 0,
        "MALICIOUS": 0,
        "SANE": 0,
        "VALID": 0,
        "total": 2873
    },
    "percentage": {
        "ACTIVE": 94.43090845805779,
        "INACTIVE": 5.571030640668524,
        "INVALID": 0,
        "MALICIOUS": 0,
        "SANE": 0,
        "VALID": 0,
        "total": 100.00193909872631
    }
}