{
    "counter": {
        "ACTIVE": 1299,
        "INACTIVE": 55,
        "INVALID": 0,
        "MALICIOUS": 0,
        "SANE": 0,
        "VALID": 0,
        "total": 1354
    },
    "percentage": {
        "ACTIVE": 96.0088691796009,
        "INACTIVE": 4.062038404726736,
        "INVALID": 0,
        "MALICIOUS": 0,
        "SANE": 0,
        "VALID": 0,
        "total": 100.07090758432763
    }
}