{
    "counter": {
        "ACTIVE": 1434,
        "INACTIVE": 59,
        "INVALID": 0,
        "MALICIOUS": 0,
        "SANE": 0,
        "VALID": 0,
        "total": 1493
    },
    "percentage": {
        "ACTIVE": 96.11260053619303,
        "INACTIVE": 3.9517749497655728,
        "INVALID": 0,
        "MALICIOUS": 0,
        "SANE": 0,
        "VALID": 0,
        "total": 100.0643754859586
    }
}