{
    "counter": {
        "ACTIVE": 2113,
        "INACTIVE": 89,
        "INVALID": 0,
        "MALICIOUS": 0,
        "SANE": 0,
        "VALID": 0,
        "total": 2202
    },
    "percentage": {
        "ACTIVE": 95.95821980018165,
        "INACTIVE": 4.0491355777979985,
        "INVALID": 0,
        "MALICIOUS": 0,
        "SANE": 0,
        "VALID": 0,
        "total": 100.00735537797965
    }
}