{
    "counter": {
        "ACTIVE": 1253,
        "INACTIVE": 53,
        "INVALID": 0,
        "MALICIOUS": 0,
        "SANE": 0,
        "VALID": 0,
        "total": 1306
    },
    "percentage": {
        "ACTIVE": 95.94180704441041,
        "INACTIVE": 4.193037974683544,
        "INVALID": 0,
        "MALICIOUS": 0,
        "SANE": 0,
        "VALID": 0,
        "total": 100.13484501909396
    }
}