{
    "counter": {
        "ACTIVE": 1555,
        "INACTIVE": 61,
        "INVALID": 0,
        "MALICIOUS": 0,
        "SANE": 0,
        "VALID": 0,
        "total": 1616
    },
    "percentage": {
        "ACTIVE": 96.22524752475248,
        "INACTIVE": 4.058549567531603,
        "INVALID": 0,
        "MALICIOUS": 0,
        "SANE": 0,
        "VALID": 0,
        "total": 100.28379709228408
    }
}