{
    "counter": {
        "ACTIVE": 2447,
        "INACTIVE": 96,
        "INVALID": 0,
        "MALICIOUS": 0,
        "SANE": 0,
        "VALID": 0,
        "total": 2543
    },
    "percentage": {
        "ACTIVE": 96.22493118364137,
        "INACTIVE": 3.7810161480897992,
        "INVALID": 0,
        "MALICIOUS": 0,
        "SANE": 0,
        "VALID": 0,
        "total": 100.00594733173118
    }
}