{
    "counter": {
        "ACTIVE": 2352,
        "INACTIVE": 91,
        "INVALID": 0,
        "MALICIOUS": 0,
        "SANE": 0,
        "VALID": 0,
        "total": 2443
    },
    "percentage": {
        "ACTIVE": 96.31449631449631,
        "INACTIVE": 3.7249283667621778,
        "INVALID": 0,
        "MALICIOUS": 0,
        "SANE": 0,
        "VALID": 0,
        "total": 100.03942468125848
    }
}