{
    "counter": {
        "ACTIVE": 1469,
        "INACTIVE": 61,
        "INVALID": 0,
        "MALICIOUS": 0,
        "SANE": 0,
        "VALID": 0,
        "total": 1530
    },
    "percentage": {
        "ACTIVE": 96.01307189542484,
        "INACTIVE": 4.058549567531603,
        "INVALID": 0,
        "MALICIOUS": 0,
        "SANE": 0,
        "VALID": 0,
        "total": 100.07162146295644
    }
}