{
    "counter": {
        "ACTIVE": 383,
        "INACTIVE": 15,
        "INVALID": 0,
        "MALICIOUS": 0,
        "SANE": 0,
        "VALID": 0,
        "total": 398
    },
    "percentage": {
        "ACTIVE": 96.71717171717172,
        "INACTIVE": 3.7688442211055277,
        "INVALID": 0,
        "MALICIOUS": 0,
        "SANE": 0,
        "VALID": 0,
        "total": 100.48601593827725
    }
}