{
    "counter": {
        "ACTIVE": 1100,
        "INACTIVE": 48,
        "INVALID": 0,
        "MALICIOUS": 0,
        "SANE": 0,
        "VALID": 0,
        "total": 1148
    },
    "percentage": {
        "ACTIVE": 95.9023539668701,
        "INACTIVE": 4.181184668989547,
        "INVALID": 0,
        "MALICIOUS": 0,
        "SANE": 0,
        "VALID": 0,
        "total": 100.08353863585964
    }
}