{
    "counter": {
        "ACTIVE": 90,
        "INACTIVE": 3,
        "INVALID": 0,
        "MALICIOUS": 0,
        "SANE": 0,
        "VALID": 0,
        "total": 93
    },
    "percentage": {
        "ACTIVE": 96.7741935483871,
        "INACTIVE": 4.109589041095891,
        "INVALID": 0,
        "MALICIOUS": 0,
        "SANE": 0,
        "VALID": 0,
        "total": 100.88378258948299
    }
}