{
    "counter": {
        "ACTIVE": 2219,
        "INACTIVE": 89,
        "INVALID": 0,
        "MALICIOUS": 0,
        "SANE": 0,
        "VALID": 0,
        "total": 2308
    },
    "percentage": {
        "ACTIVE": 96.14384748700174,
        "INACTIVE": 4.0491355777979985,
        "INVALID": 0,
        "MALICIOUS": 0,
        "SANE": 0,
        "VALID": 0,
        "total": 100.19298306479973
    }
}