{
    "counter": {
        "ACTIVE": 1863,
        "INACTIVE": 76,
        "INVALID": 0,
        "MALICIOUS": 0,
        "SANE": 0,
        "VALID": 0,
        "total": 1939
    },
    "percentage": {
        "ACTIVE": 96.13003095975232,
        "INACTIVE": 3.919546157813306,
        "INVALID": 0,
        "MALICIOUS": 0,
        "SANE": 0,
        "VALID": 0,
        "total": 100.04957711756562
    }
}