{
    "counter": {
        "ACTIVE": 2232,
        "INACTIVE": 89,
        "INVALID": 0,
        "MALICIOUS": 0,
        "SANE": 0,
        "VALID": 0,
        "total": 2321
    },
    "percentage": {
        "ACTIVE": 96.1654459284791,
        "INACTIVE": 4.0491355777979985,
        "INVALID": 0,
        "MALICIOUS": 0,
        "SANE": 0,
        "VALID": 0,
        "total": 100.2145815062771
    }
}