{
    "counter": {
        "ACTIVE": 1718,
        "INACTIVE": 67,
        "INVALID": 0,
        "MALICIOUS": 0,
        "SANE": 0,
        "VALID": 0,
        "total": 1785
    },
    "percentage": {
        "ACTIVE": 96.24649859943978,
        "INACTIVE": 3.80465644520159,
        "INVALID": 0,
        "MALICIOUS": 0,
        "SANE": 0,
        "VALID": 0,
        "total": 100.05115504464136
    }
}