{
    "counter": {
        "ACTIVE": 1207,
        "INACTIVE": 51,
        "INVALID": 0,
        "MALICIOUS": 0,
        "SANE": 0,
        "VALID": 0,
        "total": 1258
    },
    "percentage": {
        "ACTIVE": 95.94594594594595,
        "INACTIVE": 4.12287793047696,
        "INVALID": 0,
        "MALICIOUS": 0,
        "SANE": 0,
        "VALID": 0,
        "total": 100.06882387642291
    }
}