{
    "counter": {
        "ACTIVE": 537,
        "INACTIVE": 20,
        "INVALID": 0,
        "MALICIOUS": 0,
        "SANE": 0,
        "VALID": 0,
        "total": 557
    },
    "percentage": {
        "ACTIVE": 96.40933572710952,
        "INACTIVE": 3.669724770642202,
        "INVALID": 0,
        "MALICIOUS": 0,
        "SANE": 0,
        "VALID": 0,
        "total": 100.07906049775173
    }
}