{
    "counter": {
        "ACTIVE": 2649,
        "INACTIVE": 101,
        "INVALID": 0,
        "MALICIOUS": 0,
        "SANE": 0,
        "VALID": 0,
        "total": 2750
    },
    "percentage": {
        "ACTIVE": 96.32727272727273,
        "INACTIVE": 3.6969253294289897,
        "INVALID": 0,
        "MALICIOUS": 0,
        "SANE": 0,
        "VALID": 0,
        "total": 100.02419805670172
    }
}