{
    "counter": {
        "ACTIVE": 1616,
        "INACTIVE": 63,
        "INVALID": 0,
        "MALICIOUS": 0,
        "SANE": 0,
        "VALID": 0,
        "total": 1679
    },
    "percentage": {
        "ACTIVE": 96.24776652769506,
        "INACTIVE": 3.7815126050420167,
        "INVALID": 0,
        "MALICIOUS": 0,
        "SANE": 0,
        "VALID": 0,
        "total": 100.02927913273707
    }
}