{
    "counter": {
        "ACTIVE": 360,
        "INACTIVE": 12,
        "INVALID": 0,
        "MALICIOUS": 0,
        "SANE": 0,
        "VALID": 0,
        "total": 372
    },
    "percentage": {
        "ACTIVE": 97.03504043126685,
        "INACTIVE": 3.225806451612903,
        "INVALID": 0,
        "MALICIOUS": 0,
        "SANE": 0,
        "VALID": 0,
        "total": 100.26084688287975
    }
}