{
    "counter": {
        "ACTIVE": 2301,
        "INACTIVE": 89,
        "INVALID": 0,
        "MALICIOUS": 0,
        "SANE": 0,
        "VALID": 0,
        "total": 2390
    },
    "percentage": {
        "ACTIVE": 96.27615062761507,
        "INACTIVE": 4.0491355777979985,
        "INVALID": 0,
        "MALICIOUS": 0,
        "SANE": 0,
        "VALID": 0,
        "total": 100.32528620541306
    }
}