{
    "counter": {
        "ACTIVE": 2372,
        "INACTIVE": 92,
        "INVALID": 0,
        "MALICIOUS": 0,
        "SANE": 0,
        "VALID": 0,
        "total": 2464
    },
    "percentage": {
        "ACTIVE": 96.26623376623377,
        "INACTIVE": 3.7474541751527495,
        "INVALID": 0,
        "MALICIOUS": 0,
        "SANE": 0,
        "VALID": 0,
        "total": 100.01368794138652
    }
}