{
    "counter": {
        "ACTIVE": 2743,
        "INACTIVE": 167,
        "INVALID": 0,
        "MALICIOUS": 0,
        "SANE": 0,
        "VALID": 0,
        "total": 2910
    },
    "percentage": {
        "ACTIVE": 94.26116838487972,
        "INACTIVE": 5.798611111111111,
        "INVALID": 0,
        "MALICIOUS": 0,
        "SANE": 0,
        "VALID": 0,
        "total": 100.05977949599084
    }
}