{
    "counter": {
        "ACTIVE": 634,
        "INACTIVE": 27,
        "INVALID": 0,
        "MALICIOUS": 0,
        "SANE": 0,
        "VALID": 0,
        "total": 661
    },
    "percentage": {
        "ACTIVE": 95.91527987897126,
        "INACTIVE": 4.147465437788019,
        "INVALID": 0,
        "MALICIOUS": 0,
        "SANE": 0,
        "VALID": 0,
        "total": 100.06274531675928
    }
}