{
    "counter": {
        "ACTIVE": 2279,
        "INACTIVE": 89,
        "INVALID": 0,
        "MALICIOUS": 0,
        "SANE": 0,
        "VALID": 0,
        "total": 2368
    },
    "percentage": {
        "ACTIVE": 96.24155405405405,
        "INACTIVE": 4.0491355777979985,
        "INVALID": 0,
        "MALICIOUS": 0,
        "SANE": 0,
        "VALID": 0,
        "total": 100.29068963185205
    }
}