{
    "counter": {
        "ACTIVE": 531,
        "INACTIVE": 20,
        "INVALID": 0,
        "MALICIOUS": 0,
        "SANE": 0,
        "VALID": 0,
        "total": 551
    },
    "percentage": {
        "ACTIVE": 96.37023593466425,
        "INACTIVE": 3.669724770642202,
        "INVALID": 0,
        "MALICIOUS": 0,
        "SANE": 0,
        "VALID": 0,
        "total": 100.03996070530646
    }
}