{
    "counter": {
        "ACTIVE": 1588,
        "INACTIVE": 62,
        "INVALID": 0,
        "MALICIOUS": 0,
        "SANE": 0,
        "VALID": 0,
        "total": 1650
    },
    "percentage": {
        "ACTIVE": 96.24242424242425,
        "INACTIVE": 3.778184034125533,
        "INVALID": 0,
        "MALICIOUS": 0,
        "SANE": 0,
        "VALID": 0,
        "total": 100.02060827654978
    }
}