{
    "counter": {
        "ACTIVE": 1180,
        "INACTIVE": 50,
        "INVALID": 0,
        "MALICIOUS": 0,
        "SANE": 0,
        "VALID": 0,
        "total": 1230
    },
    "percentage": {
        "ACTIVE": 95.9349593495935,
        "INACTIVE": 4.1118421052631575,
        "INVALID": 0,
        "MALICIOUS": 0,
        "SANE": 0,
        "VALID": 0,
        "total": 100.04680145485665
    }
}