{
    "counter": {
        "ACTIVE": 2047,
        "INACTIVE": 84,
        "INVALID": 0,
        "MALICIOUS": 0,
        "SANE": 0,
        "VALID": 0,
        "total": 2131
    },
    "percentage": {
        "ACTIVE": 96.05818864382918,
        "INACTIVE": 3.981042654028436,
        "INVALID": 0,
        "MALICIOUS": 0,
        "SANE": 0,
        "VALID": 0,
        "total": 100.03923129785763
    }
}