{
    "counter": {
        "ACTIVE": 990,
        "INACTIVE": 46,
        "INVALID": 0,
        "MALICIOUS": 0,
        "SANE": 0,
        "VALID": 0,
        "total": 1036
    },
    "percentage": {
        "ACTIVE": 95.55984555984556,
        "INACTIVE": 4.554455445544554,
        "INVALID": 0,
        "MALICIOUS": 0,
        "SANE": 0,
        "VALID": 0,
        "total": 100.1143010053901
    }
}