{
    "counter": {
        "ACTIVE": 919,
        "INACTIVE": 44,
        "INVALID": 0,
        "MALICIOUS": 0,
        "SANE": 0,
        "VALID": 0,
        "total": 963
    },
    "percentage": {
        "ACTIVE": 95.43094496365525,
        "INACTIVE": 4.602510460251046,
        "INVALID": 0,
        "MALICIOUS": 0,
        "SANE": 0,
        "VALID": 0,
        "total": 100.03345542390629
    }
}