{
    "counter": {
        "ACTIVE": 661,
        "INACTIVE": 30,
        "INVALID": 0,
        "MALICIOUS": 0,
        "SANE": 0,
        "VALID": 0,
        "total": 691
    },
    "percentage": {
        "ACTIVE": 95.65846599131693,
        "INACTIVE": 4.444444444444445,
        "INVALID": 0,
        "MALICIOUS": 0,
        "SANE": 0,
        "VALID": 0,
        "total": 100.10291043576137
    }
}