{
    "counter": {
        "ACTIVE": 2392,
        "INACTIVE": 92,
        "INVALID": 0,
        "MALICIOUS": 0,
        "SANE": 0,
        "VALID": 0,
        "total": 2484
    },
    "percentage": {
        "ACTIVE": 96.29629629629629,
        "INACTIVE": 3.7474541751527495,
        "INVALID": 0,
        "MALICIOUS": 0,
        "SANE": 0,
        "VALID": 0,
        "total": 100.04375047144904
    }
}