{
    "counter": {
        "ACTIVE": 896,
        "INACTIVE": 43,
        "INVALID": 0,
        "MALICIOUS": 0,
        "SANE": 0,
        "VALID": 0,
        "total": 939
    },
    "percentage": {
        "ACTIVE": 95.5223880597015,
        "INACTIVE": 4.579339723109691,
        "INVALID": 0,
        "MALICIOUS": 0,
        "SANE": 0,
        "VALID": 0,
        "total": 100.1017277828112
    }
}