{
    "counter": {
        "ACTIVE": 1341,
        "INACTIVE": 56,
        "INVALID": 0,
        "MALICIOUS": 0,
        "SANE": 0,
        "VALID": 0,
        "total": 1397
    },
    "percentage": {
        "ACTIVE": 95.99141016463851,
        "INACTIVE": 4.02588066139468,
        "INVALID": 0,
        "MALICIOUS": 0,
        "SANE": 0,
        "VALID": 0,
        "total": 100.01729082603319
    }
}