{
    "counter": {
        "ACTIVE": 1907,
        "INACTIVE": 80,
        "INVALID": 0,
        "MALICIOUS": 0,
        "SANE": 0,
        "VALID": 0,
        "total": 1987
    },
    "percentage": {
        "ACTIVE": 96.0221550855992,
        "INACTIVE": 4.026170105686965,
        "INVALID": 0,
        "MALICIOUS": 0,
        "SANE": 0,
        "VALID": 0,
        "total": 100.04832519128615
    }
}