{
    "counter": {
        "ACTIVE": 330,
        "INACTIVE": 9,
        "INVALID": 0,
        "MALICIOUS": 0,
        "SANE": 0,
        "VALID": 0,
        "total": 339
    },
    "percentage": {
        "ACTIVE": 97.34513274336283,
        "INACTIVE": 2.6706231454005933,
        "INVALID": 0,
        "MALICIOUS": 0,
        "SANE": 0,
        "VALID": 0,
        "total": 100.01575588876342
    }
}