{
    "counter": {
        "ACTIVE": 1695,
        "INACTIVE": 67,
        "INVALID": 0,
        "MALICIOUS": 0,
        "SANE": 0,
        "VALID": 0,
        "total": 1762
    },
    "percentage": {
        "ACTIVE": 96.19750283768445,
        "INACTIVE": 3.80465644520159,
        "INVALID": 0,
        "MALICIOUS": 0,
        "SANE": 0,
        "VALID": 0,
        "total": 100.00215928288604
    }
}