{
    "counter": {
        "ACTIVE": 219,
        "INACTIVE": 5,
        "INVALID": 0,
        "MALICIOUS": 0,
        "SANE": 0,
        "VALID": 0,
        "total": 224
    },
    "percentage": {
        "ACTIVE": 97.76785714285714,
        "INACTIVE": 2.8735632183908044,
        "INVALID": 0,
        "MALICIOUS": 0,
        "SANE": 0,
        "VALID": 0,
        "total": 100.64142036124794
    }
}