{
    "counter": {
        "ACTIVE": 282,
        "INACTIVE": 6,
        "INVALID": 0,
        "MALICIOUS": 0,
        "SANE": 0,
        "VALID": 0,
        "total": 288
    },
    "percentage": {
        "ACTIVE": 97.91666666666667,
        "INACTIVE": 2.2388059701492535,
        "INVALID": 0,
        "MALICIOUS": 0,
        "SANE": 0,
        "VALID": 0,
        "total": 100.15547263681593
    }
}