{
    "counter": {
        "ACTIVE": 1511,
        "INACTIVE": 61,
        "INVALID": 0,
        "MALICIOUS": 0,
        "SANE": 0,
        "VALID": 0,
        "total": 1572
    },
    "percentage": {
        "ACTIVE": 96.11959287531806,
        "INACTIVE": 4.058549567531603,
        "INVALID": 0,
        "MALICIOUS": 0,
        "SANE": 0,
        "VALID": 0,
        "total": 100.17814244284966
    }
}