{
    "counter": {
        "ACTIVE": 2620,
        "INACTIVE": 100,
        "INVALID": 0,
        "MALICIOUS": 0,
        "SANE": 0,
        "VALID": 0,
        "total": 2720
    },
    "percentage": {
        "ACTIVE": 96.32352941176471,
        "INACTIVE": 3.7230081906180192,
        "INVALID": 0,
        "MALICIOUS": 0,
        "SANE": 0,
        "VALID": 0,
        "total": 100.04653760238273
    }
}