{
    "counter": {
        "ACTIVE": 2496,
        "INACTIVE": 97,
        "INVALID": 0,
        "MALICIOUS": 0,
        "SANE": 0,
        "VALID": 0,
        "total": 2593
    },
    "percentage": {
        "ACTIVE": 96.25915927497108,
        "INACTIVE": 3.80690737833595,
        "INVALID": 0,
        "MALICIOUS": 0,
        "SANE": 0,
        "VALID": 0,
        "total": 100.06606665330703
    }
}