{
    "counter": {
        "ACTIVE": 1819,
        "INACTIVE": 73,
        "INVALID": 0,
        "MALICIOUS": 0,
        "SANE": 0,
        "VALID": 0,
        "total": 1892
    },
    "percentage": {
        "ACTIVE": 96.1416490486258,
        "INACTIVE": 3.8788522848034006,
        "INVALID": 0,
        "MALICIOUS": 0,
        "SANE": 0,
        "VALID": 0,
        "total": 100.0205013334292
    }
}