{
    "counter": {
        "ACTIVE": 965,
        "INACTIVE": 46,
        "INVALID": 0,
        "MALICIOUS": 0,
        "SANE": 0,
        "VALID": 0,
        "total": 1011
    },
    "percentage": {
        "ACTIVE": 95.45004945598417,
        "INACTIVE": 4.554455445544554,
        "INVALID": 0,
        "MALICIOUS": 0,
        "SANE": 0,
        "VALID": 0,
        "total": 100.00450490152872
    }
}