{
    "counter": {
        "ACTIVE": 1110,
        "INACTIVE": 103,
        "INVALID": 0,
        "MALICIOUS": 0,
        "SANE": 0,
        "VALID": 0,
        "total": 1213
    },
    "percentage": {
        "ACTIVE": 91.50865622423743,
        "INACTIVE": 8.871662360034453,
        "INVALID": 0,
        "MALICIOUS": 0,
        "SANE": 0,
        "VALID": 0,
        "total": 100.38031858427188
    }
}