{
    "counter": {
        "ACTIVE": 950,
        "INACTIVE": 94,
        "INVALID": 0,
        "MALICIOUS": 0,
        "SANE": 0,
        "VALID": 0,
        "total": 1044
    },
    "percentage": {
        "ACTIVE": 91.08341323106424,
        "INACTIVE": 9.003831417624522,
        "INVALID": 0,
        "MALICIOUS": 0,
        "SANE": 0,
        "VALID": 0,
        "total": 100.08724464868877
    }
}