{
    "counter": {
        "ACTIVE": 990,
        "INACTIVE": 101,
        "INVALID": 0,
        "MALICIOUS": 0,
        "SANE": 0,
        "VALID": 0,
        "total": 1091
    },
    "percentage": {
        "ACTIVE": 90.74243813015582,
        "INACTIVE": 9.448082319925163,
        "INVALID": 0,
        "MALICIOUS": 0,
        "SANE": 0,
        "VALID": 0,
        "total": 100.19052045008098
    }
}