{
    "counter": {
        "ACTIVE": 311,
        "INACTIVE": 32,
        "INVALID": 0,
        "MALICIOUS": 0,
        "SANE": 0,
        "VALID": 0,
        "total": 343
    },
    "percentage": {
        "ACTIVE": 90.93567251461988,
        "INACTIVE": 9.329446064139942,
        "INVALID": 0,
        "MALICIOUS": 0,
        "SANE": 0,
        "VALID": 0,
        "total": 100.26511857875983
    }
}