{
    "counter": {
        "ACTIVE": 379,
        "INACTIVE": 40,
        "INVALID": 0,
        "MALICIOUS": 0,
        "SANE": 0,
        "VALID": 0,
        "total": 419
    },
    "percentage": {
        "ACTIVE": 90.66985645933015,
        "INACTIVE": 9.54653937947494,
        "INVALID": 0,
        "MALICIOUS": 0,
        "SANE": 0,
        "VALID": 0,
        "total": 100.21639583880508
    }
}