{
    "counter": {
        "ACTIVE": 1040,
        "INACTIVE": 101,
        "INVALID": 0,
        "MALICIOUS": 0,
        "SANE": 0,
        "VALID": 0,
        "total": 1141
    },
    "percentage": {
        "ACTIVE": 91.14811568799298,
        "INACTIVE": 9.448082319925163,
        "INVALID": 0,
        "MALICIOUS": 0,
        "SANE": 0,
        "VALID": 0,
        "total": 100.59619800791815
    }
}