{
    "counter": {
        "ACTIVE": 690,
        "INACTIVE": 73,
        "INVALID": 0,
        "MALICIOUS": 0,
        "SANE": 0,
        "VALID": 0,
        "total": 763
    },
    "percentage": {
        "ACTIVE": 90.43250327653998,
        "INACTIVE": 9.681697612732096,
        "INVALID": 0,
        "MALICIOUS": 0,
        "SANE": 0,
        "VALID": 0,
        "total": 100.11420088927207
    }
}