{
    "counter": {
        "ACTIVE": 1136,
        "INACTIVE": 104,
        "INVALID": 0,
        "MALICIOUS": 0,
        "SANE": 0,
        "VALID": 0,
        "total": 1240
    },
    "percentage": {
        "ACTIVE": 91.61290322580645,
        "INACTIVE": 8.482871125611746,
        "INVALID": 0,
        "MALICIOUS": 0,
        "SANE": 0,
        "VALID": 0,
        "total": 100.0957743514182
    }
}