{
    "counter": {
        "ACTIVE": 1013,
        "INACTIVE": 101,
        "INVALID": 0,
        "MALICIOUS": 0,
        "SANE": 0,
        "VALID": 0,
        "total": 1114
    },
    "percentage": {
        "ACTIVE": 90.93357271095152,
        "INACTIVE": 9.448082319925163,
        "INVALID": 0,
        "MALICIOUS": 0,
        "SANE": 0,
        "VALID": 0,
        "total": 100.38165503087669
    }
}