{
    "counter": {
        "ACTIVE": 593,
        "INACTIVE": 61,
        "INVALID": 0,
        "MALICIOUS": 0,
        "SANE": 0,
        "VALID": 0,
        "total": 654
    },
    "percentage": {
        "ACTIVE": 90.81163859111791,
        "INACTIVE": 9.327217125382264,
        "INVALID": 0,
        "MALICIOUS": 0,
        "SANE": 0,
        "VALID": 0,
        "total": 100.13885571650017
    }
}