{
    "counter": {
        "ACTIVE": 784,
        "INACTIVE": 81,
        "INVALID": 0,
        "MALICIOUS": 0,
        "SANE": 0,
        "VALID": 0,
        "total": 865
    },
    "percentage": {
        "ACTIVE": 90.74074074074075,
        "INACTIVE": 9.364161849710984,
        "INVALID": 0,
        "MALICIOUS": 0,
        "SANE": 0,
        "VALID": 0,
        "total": 100.10490259045173
    }
}