{
    "counter": {
        "ACTIVE": 535,
        "INACTIVE": 54,
        "INVALID": 0,
        "MALICIOUS": 0,
        "SANE": 0,
        "VALID": 0,
        "total": 589
    },
    "percentage": {
        "ACTIVE": 90.98639455782313,
        "INACTIVE": 9.168081494057725,
        "INVALID": 0,
        "MALICIOUS": 0,
        "SANE": 0,
        "VALID": 0,
        "total": 100.15447605188086
    }
}