{
    "counter": {
        "ACTIVE": 1122,
        "INACTIVE": 104,
        "INVALID": 0,
        "MALICIOUS": 0,
        "SANE": 0,
        "VALID": 0,
        "total": 1226
    },
    "percentage": {
        "ACTIVE": 91.59183673469387,
        "INACTIVE": 8.482871125611746,
        "INVALID": 0,
        "MALICIOUS": 0,
        "SANE": 0,
        "VALID": 0,
        "total": 100.07470786030562
    }
}