{
    "counter": {
        "ACTIVE": 1028,
        "INACTIVE": 101,
        "INVALID": 0,
        "MALICIOUS": 0,
        "SANE": 0,
        "VALID": 0,
        "total": 1129
    },
    "percentage": {
        "ACTIVE": 91.05403011514615,
        "INACTIVE": 9.448082319925163,
        "INVALID": 0,
        "MALICIOUS": 0,
        "SANE": 0,
        "VALID": 0,
        "total": 100.50211243507131
    }
}