{
    "counter": {
        "ACTIVE": 1020,
        "INACTIVE": 101,
        "INVALID": 0,
        "MALICIOUS": 0,
        "SANE": 0,
        "VALID": 0,
        "total": 1121
    },
    "percentage": {
        "ACTIVE": 90.99018733273863,
        "INACTIVE": 9.448082319925163,
        "INVALID": 0,
        "MALICIOUS": 0,
        "SANE": 0,
        "VALID": 0,
        "total": 100.43826965266379
    }
}