{
    "counter": {
        "ACTIVE": 1015,
        "INACTIVE": 101,
        "INVALID": 0,
        "MALICIOUS": 0,
        "SANE": 0,
        "VALID": 0,
        "total": 1116
    },
    "percentage": {
        "ACTIVE": 90.94982078853046,
        "INACTIVE": 9.448082319925163,
        "INVALID": 0,
        "MALICIOUS": 0,
        "SANE": 0,
        "VALID": 0,
        "total": 100.39790310845562
    }
}