{
    "counter": {
        "ACTIVE": 125,
        "INACTIVE": 12,
        "INVALID": 0,
        "MALICIOUS": 0,
        "SANE": 0,
        "VALID": 0,
        "total": 137
    },
    "percentage": {
        "ACTIVE": 91.91176470588235,
        "INACTIVE": 8.75912408759124,
        "INVALID": 0,
        "MALICIOUS": 0,
        "SANE": 0,
        "VALID": 0,
        "total": 100.6708887934736
    }
}