{
    "counter": {
        "ACTIVE": 1119,
        "INACTIVE": 103,
        "INVALID": 0,
        "MALICIOUS": 0,
        "SANE": 0,
        "VALID": 0,
        "total": 1222
    },
    "percentage": {
        "ACTIVE": 91.57119476268413,
        "INACTIVE": 8.871662360034453,
        "INVALID": 0,
        "MALICIOUS": 0,
        "SANE": 0,
        "VALID": 0,
        "total": 100.44285712271858
    }
}