{
    "counter": {
        "ACTIVE": 454,
        "INACTIVE": 47,
        "INVALID": 0,
        "MALICIOUS": 0,
        "SANE": 0,
        "VALID": 0,
        "total": 501
    },
    "percentage": {
        "ACTIVE": 90.98196392785572,
        "INACTIVE": 9.3812375249501,
        "INVALID": 0,
        "MALICIOUS": 0,
        "SANE": 0,
        "VALID": 0,
        "total": 100.36320145280581
    }
}