{
    "counter": {
        "ACTIVE": 1080,
        "INACTIVE": 103,
        "INVALID": 0,
        "MALICIOUS": 0,
        "SANE": 0,
        "VALID": 0,
        "total": 1183
    },
    "percentage": {
        "ACTIVE": 91.29332206255283,
        "INACTIVE": 8.871662360034453,
        "INVALID": 0,
        "MALICIOUS": 0,
        "SANE": 0,
        "VALID": 0,
        "total": 100.16498442258728
    }
}