{
    "counter": {
        "ACTIVE": 652,
        "INACTIVE": 68,
        "INVALID": 0,
        "MALICIOUS": 0,
        "SANE": 0,
        "VALID": 0,
        "total": 720
    },
    "percentage": {
        "ACTIVE": 90.68150208623088,
        "INACTIVE": 9.444444444444445,
        "INVALID": 0,
        "MALICIOUS": 0,
        "SANE": 0,
        "VALID": 0,
        "total": 100.12594653067532
    }
}