{
    "counter": {
        "ACTIVE": 1128,
        "INACTIVE": 104,
        "INVALID": 0,
        "MALICIOUS": 0,
        "SANE": 0,
        "VALID": 0,
        "total": 1232
    },
    "percentage": {
        "ACTIVE": 91.55844155844156,
        "INACTIVE": 8.482871125611746,
        "INVALID": 0,
        "MALICIOUS": 0,
        "SANE": 0,
        "VALID": 0,
        "total": 100.04131268405331
    }
}