{
    "counter": {
        "ACTIVE": 866,
        "INACTIVE": 87,
        "INVALID": 0,
        "MALICIOUS": 0,
        "SANE": 0,
        "VALID": 0,
        "total": 953
    },
    "percentage": {
        "ACTIVE": 90.96638655462185,
        "INACTIVE": 9.12906610703043,
        "INVALID": 0,
        "MALICIOUS": 0,
        "SANE": 0,
        "VALID": 0,
        "total": 100.09545266165227
    }
}