{
    "counter": {
        "ACTIVE": 998,
        "INACTIVE": 101,
        "INVALID": 0,
        "MALICIOUS": 0,
        "SANE": 0,
        "VALID": 0,
        "total": 1099
    },
    "percentage": {
        "ACTIVE": 90.8098271155596,
        "INACTIVE": 9.448082319925163,
        "INVALID": 0,
        "MALICIOUS": 0,
        "SANE": 0,
        "VALID": 0,
        "total": 100.25790943548476
    }
}