{
    "counter": {
        "ACTIVE": 1047,
        "INACTIVE": 102,
        "INVALID": 0,
        "MALICIOUS": 0,
        "SANE": 0,
        "VALID": 0,
        "total": 1149
    },
    "percentage": {
        "ACTIVE": 91.12271540469973,
        "INACTIVE": 8.916083916083917,
        "INVALID": 0,
        "MALICIOUS": 0,
        "SANE": 0,
        "VALID": 0,
        "total": 100.03879932078365
    }
}