{
    "counter": {
        "ACTIVE": 302,
        "INACTIVE": 31,
        "INVALID": 0,
        "MALICIOUS": 0,
        "SANE": 0,
        "VALID": 0,
        "total": 333
    },
    "percentage": {
        "ACTIVE": 90.96385542168674,
        "INACTIVE": 9.30930930930931,
        "INVALID": 0,
        "MALICIOUS": 0,
        "SANE": 0,
        "VALID": 0,
        "total": 100.27316473099606
    }
}