{
    "counter": {
        "ACTIVE": 255,
        "INACTIVE": 24,
        "INVALID": 0,
        "MALICIOUS": 0,
        "SANE": 0,
        "VALID": 0,
        "total": 279
    },
    "percentage": {
        "ACTIVE": 91.39784946236558,
        "INACTIVE": 9.125475285171103,
        "INVALID": 0,
        "MALICIOUS": 0,
        "SANE": 0,
        "VALID": 0,
        "total": 100.52332474753669
    }
}