{
    "counter": {
        "ACTIVE": 72,
        "INACTIVE": 2,
        "INVALID": 0,
        "MALICIOUS": 0,
        "SANE": 0,
        "VALID": 0,
        "total": 74
    },
    "percentage": {
        "ACTIVE": 98.63013698630137,
        "INACTIVE": 2.7027027027027026,
        "INVALID": 0,
        "MALICIOUS": 0,
        "SANE": 0,
        "VALID": 0,
        "total": 101.33283968900408
    }
}