{
    "counter": {
        "ACTIVE": 278,
        "INACTIVE": 20,
        "INVALID": 0,
        "MALICIOUS": 0,
        "SANE": 0,
        "VALID": 0,
        "total": 298
    },
    "percentage": {
        "ACTIVE": 93.28859060402685,
        "INACTIVE": 6.802721088435374,
        "INVALID": 0,
        "MALICIOUS": 0,
        "SANE": 0,
        "VALID": 0,
        "total": 100.09131169246223
    }
}