{
    "counter": {
        "ACTIVE": 279,
        "INACTIVE": 20,
        "INVALID": 0,
        "MALICIOUS": 0,
        "SANE": 0,
        "VALID": 0,
        "total": 299
    },
    "percentage": {
        "ACTIVE": 93.31103678929766,
        "INACTIVE": 6.802721088435374,
        "INVALID": 0,
        "MALICIOUS": 0,
        "SANE": 0,
        "VALID": 0,
        "total": 100.11375787773304
    }
}