{
    "counter": {
        "ACTIVE": 228,
        "INACTIVE": 5,
        "INVALID": 0,
        "MALICIOUS": 0,
        "SANE": 0,
        "VALID": 0,
        "total": 233
    },
    "percentage": {
        "ACTIVE": 97.85407725321889,
        "INACTIVE": 2.358490566037736,
        "INVALID": 0,
        "MALICIOUS": 0,
        "SANE": 0,
        "VALID": 0,
        "total": 100.21256781925662
    }
}