{
    "counter": {
        "ACTIVE": 274,
        "INACTIVE": 20,
        "INVALID": 0,
        "MALICIOUS": 0,
        "SANE": 0,
        "VALID": 0,
        "total": 294
    },
    "percentage": {
        "ACTIVE": 97.50889679715303,
        "INACTIVE": 6.802721088435374,
        "INVALID": 0,
        "MALICIOUS": 0,
        "SANE": 0,
        "VALID": 0,
        "total": 104.3116178855884
    }
}