{
    "counter": {
        "ACTIVE": 276,
        "INACTIVE": 20,
        "INVALID": 0,
        "MALICIOUS": 0,
        "SANE": 0,
        "VALID": 0,
        "total": 296
    },
    "percentage": {
        "ACTIVE": 93.24324324324324,
        "INACTIVE": 6.802721088435374,
        "INVALID": 0,
        "MALICIOUS": 0,
        "SANE": 0,
        "VALID": 0,
        "total": 100.04596433167862
    }
}