{
    "counter": {
        "ACTIVE": 275,
        "INACTIVE": 20,
        "INVALID": 0,
        "MALICIOUS": 0,
        "SANE": 0,
        "VALID": 0,
        "total": 295
    },
    "percentage": {
        "ACTIVE": 93.22033898305085,
        "INACTIVE": 6.802721088435374,
        "INVALID": 0,
        "MALICIOUS": 0,
        "SANE": 0,
        "VALID": 0,
        "total": 100.02306007148623
    }
}