{
    "counter": {
        "ACTIVE": 154,
        "INACTIVE": 3,
        "INVALID": 0,
        "MALICIOUS": 0,
        "SANE": 0,
        "VALID": 0,
        "total": 157
    },
    "percentage": {
        "ACTIVE": 98.08917197452229,
        "INACTIVE": 1.9607843137254901,
        "INVALID": 0,
        "MALICIOUS": 0,
        "SANE": 0,
        "VALID": 0,
        "total": 100.04995628824777
    }
}