{
    "counter": {
        "ACTIVE": 1966,
        "INACTIVE": 20,
        "INVALID": 0,
        "MALICIOUS": 0,
        "SANE": 0,
        "VALID": 0,
        "total": 1986
    },
    "percentage": {
        "ACTIVE": 99.04282115869017,
        "INACTIVE": 1.0070493454179255,
        "INVALID": 0,
        "MALICIOUS": 0,
        "SANE": 0,
        "VALID": 0,
        "total": 100.0498705041081
    }
}