{
    "counter": {
        "ACTIVE": 3666,
        "INACTIVE": 30,
        "INVALID": 0,
        "MALICIOUS": 0,
        "SANE": 0,
        "VALID": 0,
        "total": 3696
    },
    "percentage": {
        "ACTIVE": 99.18831168831169,
        "INACTIVE": 0.8250825082508251,
        "INVALID": 0,
        "MALICIOUS": 0,
        "SANE": 0,
        "VALID": 0,
        "total": 100.01339419656252
    }
}