{
    "counter": {
        "ACTIVE": 3736,
        "INACTIVE": 30,
        "INVALID": 0,
        "MALICIOUS": 0,
        "SANE": 0,
        "VALID": 0,
        "total": 3766
    },
    "percentage": {
        "ACTIVE": 99.20339883165163,
        "INACTIVE": 0.8250825082508251,
        "INVALID": 0,
        "MALICIOUS": 0,
        "SANE": 0,
        "VALID": 0,
        "total": 100.02848133990246
    }
}