{
    "counter": {
        "ACTIVE": 3833,
        "INACTIVE": 31,
        "INVALID": 0,
        "MALICIOUS": 0,
        "SANE": 0,
        "VALID": 0,
        "total": 3864
    },
    "percentage": {
        "ACTIVE": 99.19772256728778,
        "INACTIVE": 0.814931650893796,
        "INVALID": 0,
        "MALICIOUS": 0,
        "SANE": 0,
        "VALID": 0,
        "total": 100.01265421818158
    }
}