{
    "counter": {
        "ACTIVE": 375,
        "INACTIVE": 4,
        "INVALID": 0,
        "MALICIOUS": 0,
        "SANE": 0,
        "VALID": 0,
        "total": 379
    },
    "percentage": {
        "ACTIVE": 98.94459102902374,
        "INACTIVE": 1.1695906432748537,
        "INVALID": 0,
        "MALICIOUS": 0,
        "SANE": 0,
        "VALID": 0,
        "total": 100.1141816722986
    }
}