{
    "counter": {
        "ACTIVE": 3976,
        "INACTIVE": 31,
        "INVALID": 0,
        "MALICIOUS": 0,
        "SANE": 0,
        "VALID": 0,
        "total": 4007
    },
    "percentage": {
        "ACTIVE": 99.22635388070876,
        "INACTIVE": 0.814931650893796,
        "INVALID": 0,
        "MALICIOUS": 0,
        "SANE": 0,
        "VALID": 0,
        "total": 100.04128553160255
    }
}