{
    "counter": {
        "ACTIVE": 484,
        "INACTIVE": 5,
        "INVALID": 0,
        "MALICIOUS": 0,
        "SANE": 0,
        "VALID": 0,
        "total": 489
    },
    "percentage": {
        "ACTIVE": 98.97750511247443,
        "INACTIVE": 1.1210762331838564,
        "INVALID": 0,
        "MALICIOUS": 0,
        "SANE": 0,
        "VALID": 0,
        "total": 100.09858134565829
    }
}