{
    "counter": {
        "ACTIVE": 968,
        "INACTIVE": 9,
        "INVALID": 0,
        "MALICIOUS": 0,
        "SANE": 0,
        "VALID": 0,
        "total": 977
    },
    "percentage": {
        "ACTIVE": 99.07881269191402,
        "INACTIVE": 1.1278195488721805,
        "INVALID": 0,
        "MALICIOUS": 0,
        "SANE": 0,
        "VALID": 0,
        "total": 100.2066322407862
    }
}