{
    "counter": {
        "ACTIVE": 4081,
        "INACTIVE": 31,
        "INVALID": 0,
        "MALICIOUS": 0,
        "SANE": 0,
        "VALID": 0,
        "total": 4112
    },
    "percentage": {
        "ACTIVE": 99.24610894941634,
        "INACTIVE": 0.814931650893796,
        "INVALID": 0,
        "MALICIOUS": 0,
        "SANE": 0,
        "VALID": 0,
        "total": 100.06104060031014
    }
}