{
    "counter": {
        "ACTIVE": 1411,
        "INACTIVE": 15,
        "INVALID": 0,
        "MALICIOUS": 0,
        "SANE": 0,
        "VALID": 0,
        "total": 1426
    },
    "percentage": {
        "ACTIVE": 98.94810659186535,
        "INACTIVE": 1.1261261261261262,
        "INVALID": 0,
        "MALICIOUS": 0,
        "SANE": 0,
        "VALID": 0,
        "total": 100.07423271799148
    }
}