{
    "counter": {
        "ACTIVE": 1522,
        "INACTIVE": 15,
        "INVALID": 0,
        "MALICIOUS": 0,
        "SANE": 0,
        "VALID": 0,
        "total": 1537
    },
    "percentage": {
        "ACTIVE": 99.02407286922576,
        "INACTIVE": 1.1261261261261262,
        "INVALID": 0,
        "MALICIOUS": 0,
        "SANE": 0,
        "VALID": 0,
        "total": 100.15019899535189
    }
}