{
    "counter": {
        "ACTIVE": 157,
        "INACTIVE": 2,
        "INVALID": 0,
        "MALICIOUS": 0,
        "SANE": 0,
        "VALID": 0,
        "total": 159
    },
    "percentage": {
        "ACTIVE": 99.36708860759494,
        "INACTIVE": 1.2578616352201257,
        "INVALID": 0,
        "MALICIOUS": 0,
        "SANE": 0,
        "VALID": 0,
        "total": 100.62495024281506
    }
}