{
    "counter": {
        "ACTIVE": 2198,
        "INACTIVE": 21,
        "INVALID": 0,
        "MALICIOUS": 0,
        "SANE": 0,
        "VALID": 0,
        "total": 2219
    },
    "percentage": {
        "ACTIVE": 99.05362776025237,
        "INACTIVE": 0.957592339261286,
        "INVALID": 0,
        "MALICIOUS": 0,
        "SANE": 0,
        "VALID": 0,
        "total": 100.01122009951365
    }
}