{
    "counter": {
        "ACTIVE": 3124,
        "INACTIVE": 29,
        "INVALID": 0,
        "MALICIOUS": 0,
        "SANE": 0,
        "VALID": 0,
        "total": 3153
    },
    "percentage": {
        "ACTIVE": 99.0802410402791,
        "INACTIVE": 0.9265175718849841,
        "INVALID": 0,
        "MALICIOUS": 0,
        "SANE": 0,
        "VALID": 0,
        "total": 100.00675861216409
    }
}