{
    "counter": {
        "ACTIVE": 1716,
        "INACTIVE": 18,
        "INVALID": 0,
        "MALICIOUS": 0,
        "SANE": 0,
        "VALID": 0,
        "total": 1734
    },
    "percentage": {
        "ACTIVE": 99.01904212348529,
        "INACTIVE": 1.0380622837370241,
        "INVALID": 0,
        "MALICIOUS": 0,
        "SANE": 0,
        "VALID": 0,
        "total": 100.05710440722231
    }
}