{
    "counter": {
        "ACTIVE": 2648,
        "INACTIVE": 25,
        "INVALID": 0,
        "MALICIOUS": 0,
        "SANE": 0,
        "VALID": 0,
        "total": 2673
    },
    "percentage": {
        "ACTIVE": 99.06472128694351,
        "INACTIVE": 1.0060362173038229,
        "INVALID": 0,
        "MALICIOUS": 0,
        "SANE": 0,
        "VALID": 0,
        "total": 100.07075750424733
    }
}