{
    "counter": {
        "ACTIVE": 2387,
        "INACTIVE": 23,
        "INVALID": 0,
        "MALICIOUS": 0,
        "SANE": 0,
        "VALID": 0,
        "total": 2410
    },
    "percentage": {
        "ACTIVE": 99.04564315352697,
        "INACTIVE": 0.9643605870020965,
        "INVALID": 0,
        "MALICIOUS": 0,
        "SANE": 0,
        "VALID": 0,
        "total": 100.01000374052906
    }
}