{
    "counter": {
        "ACTIVE": 2844,
        "INACTIVE": 28,
        "INVALID": 0,
        "MALICIOUS": 0,
        "SANE": 0,
        "VALID": 0,
        "total": 2872
    },
    "percentage": {
        "ACTIVE": 99.025069637883,
        "INACTIVE": 0.986958054282693,
        "INVALID": 0,
        "MALICIOUS": 0,
        "SANE": 0,
        "VALID": 0,
        "total": 100.0120276921657
    }
}