{
    "counter": {
        "ACTIVE": 1166,
        "INACTIVE": 12,
        "INVALID": 0,
        "MALICIOUS": 0,
        "SANE": 0,
        "VALID": 0,
        "total": 1178
    },
    "percentage": {
        "ACTIVE": 99.06542056074767,
        "INACTIVE": 1.0186757215619695,
        "INVALID": 0,
        "MALICIOUS": 0,
        "SANE": 0,
        "VALID": 0,
        "total": 100.08409628230964
    }
}