{
    "counter": {
        "ACTIVE": 58,
        "INACTIVE": 3,
        "INVALID": 0,
        "MALICIOUS": 0,
        "SANE": 0,
        "VALID": 0,
        "total": 61
    },
    "percentage": {
        "ACTIVE": 96.66666666666667,
        "INACTIVE": 4.918032786885246,
        "INVALID": 0,
        "MALICIOUS": 0,
        "SANE": 0,
        "VALID": 0,
        "total": 101.58469945355192
    }
}