{
    "counter": {
        "ACTIVE": 200,
        "INACTIVE": 9,
        "INVALID": 0,
        "MALICIOUS": 0,
        "SANE": 0,
        "VALID": 0,
        "total": 209
    },
    "percentage": {
        "ACTIVE": 96.61835748792271,
        "INACTIVE": 4.30622009569378,
        "INVALID": 0,
        "MALICIOUS": 0,
        "SANE": 0,
        "VALID": 0,
        "total": 100.92457758361648
    }
}