{
    "counter": {
        "ACTIVE": 188,
        "INACTIVE": 9,
        "INVALID": 0,
        "MALICIOUS": 0,
        "SANE": 0,
        "VALID": 0,
        "total": 197
    },
    "percentage": {
        "ACTIVE": 95.43147208121827,
        "INACTIVE": 4.591836734693878,
        "INVALID": 0,
        "MALICIOUS": 0,
        "SANE": 0,
        "VALID": 0,
        "total": 100.02330881591215
    }
}