{
    "counter": {
        "ACTIVE": 124,
        "INACTIVE": 6,
        "INVALID": 0,
        "MALICIOUS": 0,
        "SANE": 0,
        "VALID": 0,
        "total": 130
    },
    "percentage": {
        "ACTIVE": 96.12403100775194,
        "INACTIVE": 4.615384615384615,
        "INVALID": 0,
        "MALICIOUS": 0,
        "SANE": 0,
        "VALID": 0,
        "total": 100.73941562313655
    }
}