{
    "counter": {
        "ACTIVE": 131,
        "INACTIVE": 31,
        "INVALID": 0,
        "MALICIOUS": 0,
        "SANE": 0,
        "VALID": 0,
        "total": 162
    },
    "percentage": {
        "ACTIVE": 92.90780141843972,
        "INACTIVE": 19.135802469135804,
        "INVALID": 0,
        "MALICIOUS": 0,
        "SANE": 0,
        "VALID": 0,
        "total": 112.04360388757553
    }
}