{
    "counter": {
        "ACTIVE": 83,
        "INACTIVE": 7,
        "INVALID": 0,
        "MALICIOUS": 0,
        "SANE": 0,
        "VALID": 0,
        "total": 90
    },
    "percentage": {
        "ACTIVE": 92.22222222222223,
        "INACTIVE": 8.235294117647058,
        "INVALID": 0,
        "MALICIOUS": 0,
        "SANE": 0,
        "VALID": 0,
        "total": 100.45751633986929
    }
}