{
    "counter": {
        "ACTIVE": 131,
        "INACTIVE": 30,
        "INVALID": 0,
        "MALICIOUS": 0,
        "SANE": 0,
        "VALID": 0,
        "total": 161
    },
    "percentage": {
        "ACTIVE": 92.90780141843972,
        "INACTIVE": 18.633540372670808,
        "INVALID": 0,
        "MALICIOUS": 0,
        "SANE": 0,
        "VALID": 0,
        "total": 111.54134179111053
    }
}