{
    "counter": {
        "ACTIVE": 53,
        "INACTIVE": 4,
        "INVALID": 0,
        "MALICIOUS": 0,
        "SANE": 0,
        "VALID": 0,
        "total": 57
    },
    "percentage": {
        "ACTIVE": 92.98245614035088,
        "INACTIVE": 8.16326530612245,
        "INVALID": 0,
        "MALICIOUS": 0,
        "SANE": 0,
        "VALID": 0,
        "total": 101.14572144647333
    }
}