{
    "counter": {
        "ACTIVE": 632,
        "INACTIVE": 3,
        "INVALID": 0,
        "MALICIOUS": 0,
        "SANE": 0,
        "VALID": 0,
        "total": 635
    },
    "percentage": {
        "ACTIVE": 99.5275590551181,
        "INACTIVE": 1.0830324909747293,
        "INVALID": 0,
        "MALICIOUS": 0,
        "SANE": 0,
        "VALID": 0,
        "total": 100.61059154609283
    }
}