{
    "counter": {
        "ACTIVE": 78,
        "INACTIVE": 21,
        "INVALID": 0,
        "MALICIOUS": 0,
        "SANE": 0,
        "VALID": 0,
        "total": 99
    },
    "percentage": {
        "ACTIVE": 78.78787878787878,
        "INACTIVE": 21.428571428571427,
        "INVALID": 0,
        "MALICIOUS": 0,
        "SANE": 0,
        "VALID": 0,
        "total": 100.21645021645021
    }
}