{
    "counter": {
        "ACTIVE": 13,
        "INACTIVE": 2,
        "INVALID": 0,
        "MALICIOUS": 0,
        "SANE": 0,
        "VALID": 0,
        "total": 15
    },
    "percentage": {
        "ACTIVE": 92.85714285714286,
        "INACTIVE": 13.333333333333334,
        "INVALID": 0,
        "MALICIOUS": 0,
        "SANE": 0,
        "VALID": 0,
        "total": 106.19047619047619
    }
}