{
    "counter": {
        "ACTIVE": 89,
        "INACTIVE": 8,
        "INVALID": 0,
        "MALICIOUS": 0,
        "SANE": 0,
        "VALID": 0,
        "total": 97
    },
    "percentage": {
        "ACTIVE": 92.70833333333333,
        "INACTIVE": 8.24742268041237,
        "INVALID": 0,
        "MALICIOUS": 0,
        "SANE": 0,
        "VALID": 0,
        "total": 100.9557560137457
    }
}