{
    "counter": {
        "ACTIVE": 1275,
        "INACTIVE": 11,
        "INVALID": 0,
        "MALICIOUS": 0,
        "SANE": 0,
        "VALID": 0,
        "total": 1286
    },
    "percentage": {
        "ACTIVE": 99.14463452566096,
        "INACTIVE": 2.286902286902287,
        "INVALID": 0,
        "MALICIOUS": 0,
        "SANE": 0,
        "VALID": 0,
        "total": 101.43153681256325
    }
}