{
    "counter": {
        "ACTIVE": 173,
        "INACTIVE": 4,
        "INVALID": 0,
        "MALICIOUS": 0,
        "SANE": 0,
        "VALID": 0,
        "total": 177
    },
    "percentage": {
        "ACTIVE": 97.74011299435028,
        "INACTIVE": 21.05263157894737,
        "INVALID": 0,
        "MALICIOUS": 0,
        "SANE": 0,
        "VALID": 0,
        "total": 118.79274457329765
    }
}