{
    "counter": {
        "ACTIVE": 531,
        "INACTIVE": 11,
        "INVALID": 0,
        "MALICIOUS": 0,
        "SANE": 0,
        "VALID": 0,
        "total": 542
    },
    "percentage": {
        "ACTIVE": 97.97047970479704,
        "INACTIVE": 2.286902286902287,
        "INVALID": 0,
        "MALICIOUS": 0,
        "SANE": 0,
        "VALID": 0,
        "total": 100.25738199169933
    }
}