{
    "counter": {
        "ACTIVE": 1444,
        "INACTIVE": 14,
        "INVALID": 0,
        "MALICIOUS": 0,
        "SANE": 0,
        "VALID": 0,
        "total": 1458
    },
    "percentage": {
        "ACTIVE": 99.039780521262,
        "INACTIVE": 0.9655172413793104,
        "INVALID": 0,
        "MALICIOUS": 0,
        "SANE": 0,
        "VALID": 0,
        "total": 100.00529776264132
    }
}