{
    "counter": {
        "ACTIVE": 348,
        "INACTIVE": 8,
        "INVALID": 0,
        "MALICIOUS": 0,
        "SANE": 0,
        "VALID": 0,
        "total": 356
    },
    "percentage": {
        "ACTIVE": 98.02816901408451,
        "INACTIVE": 2.247191011235955,
        "INVALID": 0,
        "MALICIOUS": 0,
        "SANE": 0,
        "VALID": 0,
        "total": 100.27536002532047
    }
}