{
    "counter": {
        "ACTIVE": 1456,
        "INACTIVE": 14,
        "INVALID": 0,
        "MALICIOUS": 0,
        "SANE": 0,
        "VALID": 0,
        "total": 1470
    },
    "percentage": {
        "ACTIVE": 99.04761904761905,
        "INACTIVE": 0.9655172413793104,
        "INVALID": 0,
        "MALICIOUS": 0,
        "SANE": 0,
        "VALID": 0,
        "total": 100.01313628899837
    }
}