{
    "counter": {
        "ACTIVE": 1596,
        "INACTIVE": 183,
        "INVALID": 0,
        "MALICIOUS": 0,
        "SANE": 0,
        "VALID": 0,
        "total": 1779
    },
    "percentage": {
        "ACTIVE": 89.7133220910624,
        "INACTIVE": 10.327313769751694,
        "INVALID": 0,
        "MALICIOUS": 0,
        "SANE": 0,
        "VALID": 0,
        "total": 100.04063586081409
    }
}