{
    "counter": {
        "ACTIVE": 1564,
        "INACTIVE": 181,
        "INVALID": 0,
        "MALICIOUS": 0,
        "SANE": 0,
        "VALID": 0,
        "total": 1745
    },
    "percentage": {
        "ACTIVE": 89.62750716332378,
        "INACTIVE": 10.408280621046579,
        "INVALID": 0,
        "MALICIOUS": 0,
        "SANE": 0,
        "VALID": 0,
        "total": 100.03578778437037
    }
}