{
    "counter": {
        "ACTIVE": 74,
        "INACTIVE": 5,
        "INVALID": 0,
        "MALICIOUS": 0,
        "SANE": 0,
        "VALID": 0,
        "total": 79
    },
    "percentage": {
        "ACTIVE": 93.67088607594937,
        "INACTIVE": 6.578947368421052,
        "INVALID": 0,
        "MALICIOUS": 0,
        "SANE": 0,
        "VALID": 0,
        "total": 100.24983344437042
    }
}