{
    "counter": {
        "ACTIVE": 568,
        "INACTIVE": 26,
        "INVALID": 0,
        "MALICIOUS": 0,
        "SANE": 0,
        "VALID": 0,
        "total": 594
    },
    "percentage": {
        "ACTIVE": 95.62289562289563,
        "INACTIVE": 4.545454545454546,
        "INVALID": 0,
        "MALICIOUS": 0,
        "SANE": 0,
        "VALID": 0,
        "total": 100.16835016835017
    }
}