{
    "counter": {
        "ACTIVE": 1594,
        "INACTIVE": 183,
        "INVALID": 0,
        "MALICIOUS": 0,
        "SANE": 0,
        "VALID": 0,
        "total": 1777
    },
    "percentage": {
        "ACTIVE": 89.70174451322454,
        "INACTIVE": 10.327313769751694,
        "INVALID": 0,
        "MALICIOUS": 0,
        "SANE": 0,
        "VALID": 0,
        "total": 100.02905828297624
    }
}