{
    "counter": {
        "ACTIVE": 754,
        "INACTIVE": 35,
        "INVALID": 0,
        "MALICIOUS": 0,
        "SANE": 0,
        "VALID": 0,
        "total": 789
    },
    "percentage": {
        "ACTIVE": 95.56400506970849,
        "INACTIVE": 4.4529262086514,
        "INVALID": 0,
        "MALICIOUS": 0,
        "SANE": 0,
        "VALID": 0,
        "total": 100.01693127835989
    }
}