{
    "counter": {
        "ACTIVE": 399,
        "INACTIVE": 15,
        "INVALID": 0,
        "MALICIOUS": 0,
        "SANE": 0,
        "VALID": 0,
        "total": 414
    },
    "percentage": {
        "ACTIVE": 96.3768115942029,
        "INACTIVE": 3.7220843672456576,
        "INVALID": 0,
        "MALICIOUS": 0,
        "SANE": 0,
        "VALID": 0,
        "total": 100.09889596144856
    }
}