{
    "counter": {
        "ACTIVE": 883,
        "INACTIVE": 38,
        "INVALID": 0,
        "MALICIOUS": 0,
        "SANE": 0,
        "VALID": 0,
        "total": 921
    },
    "percentage": {
        "ACTIVE": 95.87404994571118,
        "INACTIVE": 4.303510758776897,
        "INVALID": 0,
        "MALICIOUS": 0,
        "SANE": 0,
        "VALID": 0,
        "total": 100.17756070448807
    }
}