{
    "counter": {
        "ACTIVE": 1371,
        "INACTIVE": 65,
        "INVALID": 0,
        "MALICIOUS": 0,
        "SANE": 0,
        "VALID": 0,
        "total": 1436
    },
    "percentage": {
        "ACTIVE": 95.47353760445682,
        "INACTIVE": 4.656160458452722,
        "INVALID": 0,
        "MALICIOUS": 0,
        "SANE": 0,
        "VALID": 0,
        "total": 100.12969806290954
    }
}