{
    "counter": {
        "ACTIVE": 1576,
        "INACTIVE": 181,
        "INVALID": 0,
        "MALICIOUS": 0,
        "SANE": 0,
        "VALID": 0,
        "total": 1757
    },
    "percentage": {
        "ACTIVE": 89.69834945930563,
        "INACTIVE": 10.408280621046579,
        "INVALID": 0,
        "MALICIOUS": 0,
        "SANE": 0,
        "VALID": 0,
        "total": 100.1066300803522
    }
}