{
    "counter": {
        "ACTIVE": 56,
        "INACTIVE": 3,
        "INVALID": 0,
        "MALICIOUS": 0,
        "SANE": 0,
        "VALID": 0,
        "total": 59
    },
    "percentage": {
        "ACTIVE": 94.91525423728814,
        "INACTIVE": 5.454545454545454,
        "INVALID": 0,
        "MALICIOUS": 0,
        "SANE": 0,
        "VALID": 0,
        "total": 100.36979969183359
    }
}