{
    "counter": {
        "ACTIVE": 1582,
        "INACTIVE": 181,
        "INVALID": 0,
        "MALICIOUS": 0,
        "SANE": 0,
        "VALID": 0,
        "total": 1763
    },
    "percentage": {
        "ACTIVE": 89.7334089619966,
        "INACTIVE": 10.408280621046579,
        "INVALID": 0,
        "MALICIOUS": 0,
        "SANE": 0,
        "VALID": 0,
        "total": 100.14168958304319
    }
}