{
    "counter": {
        "ACTIVE": 300,
        "INACTIVE": 12,
        "INVALID": 0,
        "MALICIOUS": 0,
        "SANE": 0,
        "VALID": 0,
        "total": 312
    },
    "percentage": {
        "ACTIVE": 96.15384615384616,
        "INACTIVE": 3.9473684210526314,
        "INVALID": 0,
        "MALICIOUS": 0,
        "SANE": 0,
        "VALID": 0,
        "total": 100.10121457489879
    }
}