{
    "counter": {
        "ACTIVE": 1086,
        "INACTIVE": 50,
        "INVALID": 0,
        "MALICIOUS": 0,
        "SANE": 0,
        "VALID": 0,
        "total": 1136
    },
    "percentage": {
        "ACTIVE": 95.68281938325991,
        "INACTIVE": 4.401408450704225,
        "INVALID": 0,
        "MALICIOUS": 0,
        "SANE": 0,
        "VALID": 0,
        "total": 100.08422783396414
    }
}