{
    "counter": {
        "ACTIVE": 1563,
        "INACTIVE": 181,
        "INVALID": 0,
        "MALICIOUS": 0,
        "SANE": 0,
        "VALID": 0,
        "total": 1744
    },
    "percentage": {
        "ACTIVE": 89.62155963302752,
        "INACTIVE": 10.408280621046579,
        "INVALID": 0,
        "MALICIOUS": 0,
        "SANE": 0,
        "VALID": 0,
        "total": 100.02984025407409
    }
}