{
    "counter": {
        "ACTIVE": 213,
        "INACTIVE": 7,
        "INVALID": 0,
        "MALICIOUS": 0,
        "SANE": 0,
        "VALID": 0,
        "total": 220
    },
    "percentage": {
        "ACTIVE": 96.81818181818181,
        "INACTIVE": 7.142857142857143,
        "INVALID": 0,
        "MALICIOUS": 0,
        "SANE": 0,
        "VALID": 0,
        "total": 103.96103896103895
    }
}