{
    "counter": {
        "ACTIVE": 1029,
        "INACTIVE": 44,
        "INVALID": 0,
        "MALICIOUS": 0,
        "SANE": 0,
        "VALID": 0,
        "total": 1073
    },
    "percentage": {
        "ACTIVE": 95.98880597014926,
        "INACTIVE": 4.100652376514446,
        "INVALID": 0,
        "MALICIOUS": 0,
        "SANE": 0,
        "VALID": 0,
        "total": 100.0894583466637
    }
}