{
    "counter": {
        "ACTIVE": 844,
        "INACTIVE": 37,
        "INVALID": 0,
        "MALICIOUS": 0,
        "SANE": 0,
        "VALID": 0,
        "total": 881
    },
    "percentage": {
        "ACTIVE": 95.80022701475596,
        "INACTIVE": 4.332552693208431,
        "INVALID": 0,
        "MALICIOUS": 0,
        "SANE": 0,
        "VALID": 0,
        "total": 100.13277970796439
    }
}