{
    "counter": {
        "ACTIVE": 1259,
        "INACTIVE": 62,
        "INVALID": 0,
        "MALICIOUS": 0,
        "SANE": 0,
        "VALID": 0,
        "total": 1321
    },
    "percentage": {
        "ACTIVE": 95.30658591975777,
        "INACTIVE": 4.696969696969697,
        "INVALID": 0,
        "MALICIOUS": 0,
        "SANE": 0,
        "VALID": 0,
        "total": 100.00355561672747
    }
}