{
    "counter": {
        "ACTIVE": 1566,
        "INACTIVE": 181,
        "INVALID": 0,
        "MALICIOUS": 0,
        "SANE": 0,
        "VALID": 0,
        "total": 1747
    },
    "percentage": {
        "ACTIVE": 89.63938179736691,
        "INACTIVE": 10.408280621046579,
        "INVALID": 0,
        "MALICIOUS": 0,
        "SANE": 0,
        "VALID": 0,
        "total": 100.0476624184135
    }
}