{
    "counter": {
        "ACTIVE": 633,
        "INACTIVE": 29,
        "INVALID": 0,
        "MALICIOUS": 0,
        "SANE": 0,
        "VALID": 0,
        "total": 662
    },
    "percentage": {
        "ACTIVE": 95.61933534743203,
        "INACTIVE": 4.41400304414003,
        "INVALID": 0,
        "MALICIOUS": 0,
        "SANE": 0,
        "VALID": 0,
        "total": 100.03333839157206
    }
}