{
    "counter": {
        "ACTIVE": 1560,
        "INACTIVE": 181,
        "INVALID": 0,
        "MALICIOUS": 0,
        "SANE": 0,
        "VALID": 0,
        "total": 1741
    },
    "percentage": {
        "ACTIVE": 89.60367604824813,
        "INACTIVE": 10.408280621046579,
        "INVALID": 0,
        "MALICIOUS": 0,
        "SANE": 0,
        "VALID": 0,
        "total": 100.0119566692947
    }
}