{
    "counter": {
        "ACTIVE": 1178,
        "INACTIVE": 56,
        "INVALID": 0,
        "MALICIOUS": 0,
        "SANE": 0,
        "VALID": 0,
        "total": 1234
    },
    "percentage": {
        "ACTIVE": 95.46191247974068,
        "INACTIVE": 4.63960231980116,
        "INVALID": 0,
        "MALICIOUS": 0,
        "SANE": 0,
        "VALID": 0,
        "total": 100.10151479954183
    }
}