{
    "counter": {
        "ACTIVE": 953,
        "INACTIVE": 39,
        "INVALID": 0,
        "MALICIOUS": 0,
        "SANE": 0,
        "VALID": 0,
        "total": 992
    },
    "percentage": {
        "ACTIVE": 96.06854838709677,
        "INACTIVE": 4.202586206896552,
        "INVALID": 0,
        "MALICIOUS": 0,
        "SANE": 0,
        "VALID": 0,
        "total": 100.27113459399332
    }
}