{
    "counter": {
        "ACTIVE": 1547,
        "INACTIVE": 83,
        "INVALID": 0,
        "MALICIOUS": 0,
        "SANE": 0,
        "VALID": 0,
        "total": 1630
    },
    "percentage": {
        "ACTIVE": 95.02457002457002,
        "INACTIVE": 5.0920245398773005,
        "INVALID": 0,
        "MALICIOUS": 0,
        "SANE": 0,
        "VALID": 0,
        "total": 100.11659456444733
    }
}