{
    "counter": {
        "ACTIVE": 1595,
        "INACTIVE": 183,
        "INVALID": 0,
        "MALICIOUS": 0,
        "SANE": 0,
        "VALID": 0,
        "total": 1778
    },
    "percentage": {
        "ACTIVE": 89.70753655793025,
        "INACTIVE": 10.327313769751694,
        "INVALID": 0,
        "MALICIOUS": 0,
        "SANE": 0,
        "VALID": 0,
        "total": 100.03485032768195
    }
}