{
    "counter": {
        "ACTIVE": 1584,
        "INACTIVE": 181,
        "INVALID": 0,
        "MALICIOUS": 0,
        "SANE": 0,
        "VALID": 0,
        "total": 1765
    },
    "percentage": {
        "ACTIVE": 89.74504249291785,
        "INACTIVE": 10.408280621046579,
        "INVALID": 0,
        "MALICIOUS": 0,
        "SANE": 0,
        "VALID": 0,
        "total": 100.15332311396443
    }
}