{
    "counter": {
        "ACTIVE": 710,
        "INACTIVE": 32,
        "INVALID": 0,
        "MALICIOUS": 0,
        "SANE": 0,
        "VALID": 0,
        "total": 742
    },
    "percentage": {
        "ACTIVE": 95.81646423751687,
        "INACTIVE": 4.3126684636118595,
        "INVALID": 0,
        "MALICIOUS": 0,
        "SANE": 0,
        "VALID": 0,
        "total": 100.12913270112873
    }
}