{
    "counter": {
        "ACTIVE": 518,
        "INACTIVE": 24,
        "INVALID": 0,
        "MALICIOUS": 0,
        "SANE": 0,
        "VALID": 0,
        "total": 542
    },
    "percentage": {
        "ACTIVE": 95.5719557195572,
        "INACTIVE": 4.436229205175601,
        "INVALID": 0,
        "MALICIOUS": 0,
        "SANE": 0,
        "VALID": 0,
        "total": 100.0081849247328
    }
}