{
    "counter": {
        "ACTIVE": 38,
        "INACTIVE": 6,
        "INVALID": 0,
        "MALICIOUS": 0,
        "SANE": 0,
        "VALID": 0,
        "total": 44
    },
    "percentage": {
        "ACTIVE": 86.36363636363636,
        "INACTIVE": 14.285714285714286,
        "INVALID": 0,
        "MALICIOUS": 0,
        "SANE": 0,
        "VALID": 0,
        "total": 100.64935064935065
    }
}