{
    "counter": {
        "ACTIVE": 35,
        "INACTIVE": 3,
        "INVALID": 0,
        "MALICIOUS": 0,
        "SANE": 0,
        "VALID": 0,
        "total": 38
    },
    "percentage": {
        "ACTIVE": 92.10526315789474,
        "INACTIVE": 13.636363636363637,
        "INVALID": 0,
        "MALICIOUS": 0,
        "SANE": 0,
        "VALID": 0,
        "total": 105.74162679425838
    }
}