{
    "counter": {
        "ACTIVE": 3352,
        "INACTIVE": 1179,
        "INVALID": 0,
        "MALICIOUS": 0,
        "SANE": 0,
        "VALID": 0,
        "total": 4531
    },
    "percentage": {
        "ACTIVE": 74.04462116191739,
        "INACTIVE": 26.02074597219157,
        "INVALID": 0,
        "MALICIOUS": 0,
        "SANE": 0,
        "VALID": 0,
        "total": 100.06536713410895
    }
}