{
    "counter": {
        "ACTIVE": 7310,
        "INACTIVE": 3779,
        "INVALID": 0,
        "MALICIOUS": 0,
        "SANE": 0,
        "VALID": 0,
        "total": 11089
    },
    "percentage": {
        "ACTIVE": 65.92712842712842,
        "INACTIVE": 34.07881684552259,
        "INVALID": 0,
        "MALICIOUS": 0,
        "SANE": 0,
        "VALID": 0,
        "total": 100.00594527265102
    }
}