{
    "counter": {
        "ACTIVE": 5461,
        "INACTIVE": 2661,
        "INVALID": 0,
        "MALICIOUS": 0,
        "SANE": 0,
        "VALID": 0,
        "total": 8122
    },
    "percentage": {
        "ACTIVE": 67.24541312646225,
        "INACTIVE": 32.762866289091356,
        "INVALID": 0,
        "MALICIOUS": 0,
        "SANE": 0,
        "VALID": 0,
        "total": 100.0082794155536
    }
}