{
    "counter": {
        "ACTIVE": 10953,
        "INACTIVE": 4782,
        "INVALID": 0,
        "MALICIOUS": 0,
        "SANE": 0,
        "VALID": 0,
        "total": 15735
    },
    "percentage": {
        "ACTIVE": 69.61357569594509,
        "INACTIVE": 30.390848427073404,
        "INVALID": 0,
        "MALICIOUS": 0,
        "SANE": 0,
        "VALID": 0,
        "total": 100.0044241230185
    }
}