{
    "counter": {
        "ACTIVE": 5973,
        "INACTIVE": 3005,
        "INVALID": 0,
        "MALICIOUS": 0,
        "SANE": 0,
        "VALID": 0,
        "total": 8978
    },
    "percentage": {
        "ACTIVE": 66.54411764705883,
        "INACTIVE": 33.47070617063934,
        "INVALID": 0,
        "MALICIOUS": 0,
        "SANE": 0,
        "VALID": 0,
        "total": 100.01482381769816
    }
}