{
    "counter": {
        "ACTIVE": 2167,
        "INACTIVE": 587,
        "INVALID": 0,
        "MALICIOUS": 0,
        "SANE": 0,
        "VALID": 0,
        "total": 2754
    },
    "percentage": {
        "ACTIVE": 78.71413003995642,
        "INACTIVE": 21.31445170660857,
        "INVALID": 0,
        "MALICIOUS": 0,
        "SANE": 0,
        "VALID": 0,
        "total": 100.02858174656498
    }
}