{
    "counter": {
        "ACTIVE": 5579,
        "INACTIVE": 2801,
        "INVALID": 0,
        "MALICIOUS": 0,
        "SANE": 0,
        "VALID": 0,
        "total": 8380
    },
    "percentage": {
        "ACTIVE": 66.58312447786132,
        "INACTIVE": 33.424821002386636,
        "INVALID": 0,
        "MALICIOUS": 0,
        "SANE": 0,
        "VALID": 0,
        "total": 100.00794548024795
    }
}