{
    "counter": {
        "ACTIVE": 5572,
        "INACTIVE": 2788,
        "INVALID": 0,
        "MALICIOUS": 0,
        "SANE": 0,
        "VALID": 0,
        "total": 8360
    },
    "percentage": {
        "ACTIVE": 66.69060442848594,
        "INACTIVE": 33.34928229665072,
        "INVALID": 0,
        "MALICIOUS": 0,
        "SANE": 0,
        "VALID": 0,
        "total": 100.03988672513665
    }
}