{
    "counter": {
        "ACTIVE": 3938,
        "INACTIVE": 1757,
        "INVALID": 0,
        "MALICIOUS": 0,
        "SANE": 0,
        "VALID": 0,
        "total": 5695
    },
    "percentage": {
        "ACTIVE": 69.16051984545135,
        "INACTIVE": 30.851624231782264,
        "INVALID": 0,
        "MALICIOUS": 0,
        "SANE": 0,
        "VALID": 0,
        "total": 100.01214407723361
    }
}