{
    "counter": {
        "ACTIVE": 1106,
        "INACTIVE": 175,
        "INVALID": 0,
        "MALICIOUS": 0,
        "SANE": 0,
        "VALID": 0,
        "total": 1281
    },
    "percentage": {
        "ACTIVE": 86.47380766223613,
        "INACTIVE": 13.66120218579235,
        "INVALID": 0,
        "MALICIOUS": 0,
        "SANE": 0,
        "VALID": 0,
        "total": 100.13500984802847
    }
}