{
    "counter": {
        "ACTIVE": 12260,
        "INACTIVE": 5052,
        "INVALID": 0,
        "MALICIOUS": 0,
        "SANE": 0,
        "VALID": 0,
        "total": 17312
    },
    "percentage": {
        "ACTIVE": 70.82202068049217,
        "INACTIVE": 29.182070240295747,
        "INVALID": 0,
        "MALICIOUS": 0,
        "SANE": 0,
        "VALID": 0,
        "total": 100.00409092078792
    }
}