{
    "counter": {
        "ACTIVE": 6021,
        "INACTIVE": 3017,
        "INVALID": 0,
        "MALICIOUS": 0,
        "SANE": 0,
        "VALID": 0,
        "total": 9038
    },
    "percentage": {
        "ACTIVE": 66.62609272988824,
        "INACTIVE": 33.38127904403629,
        "INVALID": 0,
        "MALICIOUS": 0,
        "SANE": 0,
        "VALID": 0,
        "total": 100.00737177392453
    }
}