{
    "counter": {
        "ACTIVE": 5580,
        "INACTIVE": 2814,
        "INVALID": 0,
        "MALICIOUS": 0,
        "SANE": 0,
        "VALID": 0,
        "total": 8394
    },
    "percentage": {
        "ACTIVE": 66.57122405153902,
        "INACTIVE": 33.52394567548249,
        "INVALID": 0,
        "MALICIOUS": 0,
        "SANE": 0,
        "VALID": 0,
        "total": 100.0951697270215
    }
}