{
    "counter": {
        "ACTIVE": 11898,
        "INACTIVE": 4942,
        "INVALID": 0,
        "MALICIOUS": 0,
        "SANE": 0,
        "VALID": 0,
        "total": 16840
    },
    "percentage": {
        "ACTIVE": 70.6574024585783,
        "INACTIVE": 29.346793349168646,
        "INVALID": 0,
        "MALICIOUS": 0,
        "SANE": 0,
        "VALID": 0,
        "total": 100.00419580774695
    }
}