{
    "counter": {
        "ACTIVE": 3178,
        "INACTIVE": 1097,
        "INVALID": 0,
        "MALICIOUS": 0,
        "SANE": 0,
        "VALID": 0,
        "total": 4275
    },
    "percentage": {
        "ACTIVE": 74.37397612918325,
        "INACTIVE": 25.660818713450293,
        "INVALID": 0,
        "MALICIOUS": 0,
        "SANE": 0,
        "VALID": 0,
        "total": 100.03479484263354
    }
}