{
    "counter": {
        "ACTIVE": 2569,
        "INACTIVE": 767,
        "INVALID": 0,
        "MALICIOUS": 0,
        "SANE": 0,
        "VALID": 0,
        "total": 3336
    },
    "percentage": {
        "ACTIVE": 77.05458908218357,
        "INACTIVE": 22.991606714628297,
        "INVALID": 0,
        "MALICIOUS": 0,
        "SANE": 0,
        "VALID": 0,
        "total": 100.04619579681187
    }
}