{
    "counter": {
        "ACTIVE": 3915,
        "INACTIVE": 1743,
        "INVALID": 0,
        "MALICIOUS": 0,
        "SANE": 0,
        "VALID": 0,
        "total": 5658
    },
    "percentage": {
        "ACTIVE": 69.24301379554298,
        "INACTIVE": 30.80593849416755,
        "INVALID": 0,
        "MALICIOUS": 0,
        "SANE": 0,
        "VALID": 0,
        "total": 100.04895228971053
    }
}