{
    "counter": {
        "ACTIVE": 12640,
        "INACTIVE": 5196,
        "INVALID": 0,
        "MALICIOUS": 0,
        "SANE": 0,
        "VALID": 0,
        "total": 17836
    },
    "percentage": {
        "ACTIVE": 70.86790760260148,
        "INACTIVE": 29.16970751698198,
        "INVALID": 0,
        "MALICIOUS": 0,
        "SANE": 0,
        "VALID": 0,
        "total": 100.03761511958345
    }
}