{
    "counter": {
        "ACTIVE": 7038,
        "INACTIVE": 3466,
        "INVALID": 0,
        "MALICIOUS": 0,
        "SANE": 0,
        "VALID": 0,
        "total": 10504
    },
    "percentage": {
        "ACTIVE": 67.02218836301304,
        "INACTIVE": 32.996953541508,
        "INVALID": 0,
        "MALICIOUS": 0,
        "SANE": 0,
        "VALID": 0,
        "total": 100.01914190452104
    }
}