{
    "counter": {
        "ACTIVE": 13225,
        "INACTIVE": 5248,
        "INVALID": 0,
        "MALICIOUS": 0,
        "SANE": 0,
        "VALID": 0,
        "total": 18473
    },
    "percentage": {
        "ACTIVE": 71.59097060574894,
        "INACTIVE": 28.526390172310702,
        "INVALID": 0,
        "MALICIOUS": 0,
        "SANE": 0,
        "VALID": 0,
        "total": 100.11736077805963
    }
}