{
    "counter": {
        "ACTIVE": 12633,
        "INACTIVE": 5196,
        "INVALID": 0,
        "MALICIOUS": 0,
        "SANE": 0,
        "VALID": 0,
        "total": 17829
    },
    "percentage": {
        "ACTIVE": 70.85646979639913,
        "INACTIVE": 29.16970751698198,
        "INVALID": 0,
        "MALICIOUS": 0,
        "SANE": 0,
        "VALID": 0,
        "total": 100.02617731338111
    }
}