{
    "counter": {
        "ACTIVE": 7315,
        "INACTIVE": 3792,
        "INVALID": 0,
        "MALICIOUS": 0,
        "SANE": 0,
        "VALID": 0,
        "total": 11107
    },
    "percentage": {
        "ACTIVE": 65.87122917604682,
        "INACTIVE": 34.140632033852526,
        "INVALID": 0,
        "MALICIOUS": 0,
        "SANE": 0,
        "VALID": 0,
        "total": 100.01186120989935
    }
}