{
    "counter": {
        "ACTIVE": 2702,
        "INACTIVE": 858,
        "INVALID": 0,
        "MALICIOUS": 0,
        "SANE": 0,
        "VALID": 0,
        "total": 3560
    },
    "percentage": {
        "ACTIVE": 75.98425196850394,
        "INACTIVE": 24.10112359550562,
        "INVALID": 0,
        "MALICIOUS": 0,
        "SANE": 0,
        "VALID": 0,
        "total": 100.08537556400955
    }
}