{
    "counter": {
        "ACTIVE": 5219,
        "INACTIVE": 2575,
        "INVALID": 0,
        "MALICIOUS": 0,
        "SANE": 0,
        "VALID": 0,
        "total": 7794
    },
    "percentage": {
        "ACTIVE": 66.97895277207392,
        "INACTIVE": 33.03823453938927,
        "INVALID": 0,
        "MALICIOUS": 0,
        "SANE": 0,
        "VALID": 0,
        "total": 100.0171873114632
    }
}