{
    "counter": {
        "ACTIVE": 3804,
        "INACTIVE": 1573,
        "INVALID": 0,
        "MALICIOUS": 0,
        "SANE": 0,
        "VALID": 0,
        "total": 5377
    },
    "percentage": {
        "ACTIVE": 70.75892857142857,
        "INACTIVE": 29.254230983819973,
        "INVALID": 0,
        "MALICIOUS": 0,
        "SANE": 0,
        "VALID": 0,
        "total": 100.01315955524854
    }
}