{
    "counter": {
        "ACTIVE": 14224,
        "INACTIVE": 5354,
        "INVALID": 0,
        "MALICIOUS": 0,
        "SANE": 0,
        "VALID": 0,
        "total": 19578
    },
    "percentage": {
        "ACTIVE": 72.6529778322607,
        "INACTIVE": 27.50295371654595,
        "INVALID": 0,
        "MALICIOUS": 0,
        "SANE": 0,
        "VALID": 0,
        "total": 100.15593154880665
    }
}