{
    "counter": {
        "ACTIVE": 1735,
        "INACTIVE": 430,
        "INVALID": 0,
        "MALICIOUS": 0,
        "SANE": 0,
        "VALID": 0,
        "total": 2165
    },
    "percentage": {
        "ACTIVE": 80.17560073937153,
        "INACTIVE": 19.861431870669747,
        "INVALID": 0,
        "MALICIOUS": 0,
        "SANE": 0,
        "VALID": 0,
        "total": 100.03703261004128
    }
}