{
    "counter": {
        "ACTIVE": 12632,
        "INACTIVE": 5196,
        "INVALID": 0,
        "MALICIOUS": 0,
        "SANE": 0,
        "VALID": 0,
        "total": 17828
    },
    "percentage": {
        "ACTIVE": 70.85483509086829,
        "INACTIVE": 29.16970751698198,
        "INVALID": 0,
        "MALICIOUS": 0,
        "SANE": 0,
        "VALID": 0,
        "total": 100.02454260785026
    }
}