{
    "counter": {
        "ACTIVE": 3871,
        "INACTIVE": 1679,
        "INVALID": 0,
        "MALICIOUS": 0,
        "SANE": 0,
        "VALID": 0,
        "total": 5550
    },
    "percentage": {
        "ACTIVE": 69.84843016961386,
        "INACTIVE": 30.25225225225225,
        "INVALID": 0,
        "MALICIOUS": 0,
        "SANE": 0,
        "VALID": 0,
        "total": 100.10068242186611
    }
}