{
    "counter": {
        "ACTIVE": 4805,
        "INACTIVE": 2315,
        "INVALID": 0,
        "MALICIOUS": 0,
        "SANE": 0,
        "VALID": 0,
        "total": 7120
    },
    "percentage": {
        "ACTIVE": 67.49543475207192,
        "INACTIVE": 32.514044943820224,
        "INVALID": 0,
        "MALICIOUS": 0,
        "SANE": 0,
        "VALID": 0,
        "total": 100.00947969589214
    }
}