{
    "counter": {
        "ACTIVE": 7526,
        "INACTIVE": 4249,
        "INVALID": 0,
        "MALICIOUS": 0,
        "SANE": 0,
        "VALID": 0,
        "total": 11775
    },
    "percentage": {
        "ACTIVE": 63.93679381530881,
        "INACTIVE": 36.08492569002123,
        "INVALID": 0,
        "MALICIOUS": 0,
        "SANE": 0,
        "VALID": 0,
        "total": 100.02171950533004
    }
}