{
    "counter": {
        "ACTIVE": 3786,
        "INACTIVE": 1558,
        "INVALID": 0,
        "MALICIOUS": 0,
        "SANE": 0,
        "VALID": 0,
        "total": 5344
    },
    "percentage": {
        "ACTIVE": 70.95202398800599,
        "INACTIVE": 29.154191616766468,
        "INVALID": 0,
        "MALICIOUS": 0,
        "SANE": 0,
        "VALID": 0,
        "total": 100.10621560477246
    }
}