{
    "counter": {
        "ACTIVE": 12726,
        "INACTIVE": 5204,
        "INVALID": 0,
        "MALICIOUS": 0,
        "SANE": 0,
        "VALID": 0,
        "total": 17930
    },
    "percentage": {
        "ACTIVE": 70.97601784718348,
        "INACTIVE": 29.03531774814484,
        "INVALID": 0,
        "MALICIOUS": 0,
        "SANE": 0,
        "VALID": 0,
        "total": 100.01133559532832
    }
}