{
    "counter": {
        "ACTIVE": 6892,
        "INACTIVE": 3346,
        "INVALID": 0,
        "MALICIOUS": 0,
        "SANE": 0,
        "VALID": 0,
        "total": 10238
    },
    "percentage": {
        "ACTIVE": 67.33098866744822,
        "INACTIVE": 32.68216448525103,
        "INVALID": 0,
        "MALICIOUS": 0,
        "SANE": 0,
        "VALID": 0,
        "total": 100.01315315269926
    }
}