{
    "counter": {
        "ACTIVE": 4848,
        "INACTIVE": 2352,
        "INVALID": 0,
        "MALICIOUS": 0,
        "SANE": 0,
        "VALID": 0,
        "total": 7200
    },
    "percentage": {
        "ACTIVE": 67.35204223395388,
        "INACTIVE": 32.666666666666664,
        "INVALID": 0,
        "MALICIOUS": 0,
        "SANE": 0,
        "VALID": 0,
        "total": 100.01870890062054
    }
}