{
    "counter": {
        "ACTIVE": 6205,
        "INACTIVE": 3083,
        "INVALID": 0,
        "MALICIOUS": 0,
        "SANE": 0,
        "VALID": 0,
        "total": 9288
    },
    "percentage": {
        "ACTIVE": 66.8138257779692,
        "INACTIVE": 33.19336778639104,
        "INVALID": 0,
        "MALICIOUS": 0,
        "SANE": 0,
        "VALID": 0,
        "total": 100.00719356436025
    }
}