{
    "counter": {
        "ACTIVE": 4596,
        "INACTIVE": 2213,
        "INVALID": 0,
        "MALICIOUS": 0,
        "SANE": 0,
        "VALID": 0,
        "total": 6809
    },
    "percentage": {
        "ACTIVE": 67.51873071837814,
        "INACTIVE": 32.501101483330885,
        "INVALID": 0,
        "MALICIOUS": 0,
        "SANE": 0,
        "VALID": 0,
        "total": 100.01983220170902
    }
}