{
    "counter": {
        "ACTIVE": 4156,
        "INACTIVE": 1936,
        "INVALID": 0,
        "MALICIOUS": 0,
        "SANE": 0,
        "VALID": 0,
        "total": 6092
    },
    "percentage": {
        "ACTIVE": 68.32155186585567,
        "INACTIVE": 31.779382797110966,
        "INVALID": 0,
        "MALICIOUS": 0,
        "SANE": 0,
        "VALID": 0,
        "total": 100.10093466296664
    }
}