{
    "counter": {
        "ACTIVE": 1359,
        "INACTIVE": 266,
        "INVALID": 0,
        "MALICIOUS": 0,
        "SANE": 0,
        "VALID": 0,
        "total": 1625
    },
    "percentage": {
        "ACTIVE": 83.68226600985221,
        "INACTIVE": 16.369230769230768,
        "INVALID": 0,
        "MALICIOUS": 0,
        "SANE": 0,
        "VALID": 0,
        "total": 100.05149677908298
    }
}