{
    "counter": {
        "ACTIVE": 2992,
        "INACTIVE": 979,
        "INVALID": 0,
        "MALICIOUS": 0,
        "SANE": 0,
        "VALID": 0,
        "total": 3971
    },
    "percentage": {
        "ACTIVE": 75.36523929471032,
        "INACTIVE": 24.653739612188367,
        "INVALID": 0,
        "MALICIOUS": 0,
        "SANE": 0,
        "VALID": 0,
        "total": 100.0189789068987
    }
}