{
    "counter": {
        "ACTIVE": 7502,
        "INACTIVE": 4177,
        "INVALID": 0,
        "MALICIOUS": 0,
        "SANE": 0,
        "VALID": 0,
        "total": 11679
    },
    "percentage": {
        "ACTIVE": 64.25695931477516,
        "INACTIVE": 35.76504837742957,
        "INVALID": 0,
        "MALICIOUS": 0,
        "SANE": 0,
        "VALID": 0,
        "total": 100.02200769220474
    }
}