{
    "counter": {
        "ACTIVE": 5854,
        "INACTIVE": 2931,
        "INVALID": 0,
        "MALICIOUS": 0,
        "SANE": 0,
        "VALID": 0,
        "total": 8785
    },
    "percentage": {
        "ACTIVE": 66.64389799635701,
        "INACTIVE": 33.36368810472396,
        "INVALID": 0,
        "MALICIOUS": 0,
        "SANE": 0,
        "VALID": 0,
        "total": 100.00758610108097
    }
}