{
    "counter": {
        "ACTIVE": 12284,
        "INACTIVE": 5064,
        "INVALID": 0,
        "MALICIOUS": 0,
        "SANE": 0,
        "VALID": 0,
        "total": 17348
    },
    "percentage": {
        "ACTIVE": 70.8133971291866,
        "INACTIVE": 29.19068480516486,
        "INVALID": 0,
        "MALICIOUS": 0,
        "SANE": 0,
        "VALID": 0,
        "total": 100.00408193435146
    }
}