{
    "counter": {
        "ACTIVE": 3969,
        "INACTIVE": 1810,
        "INVALID": 0,
        "MALICIOUS": 0,
        "SANE": 0,
        "VALID": 0,
        "total": 5779
    },
    "percentage": {
        "ACTIVE": 68.70347931452311,
        "INACTIVE": 31.32029762934764,
        "INVALID": 0,
        "MALICIOUS": 0,
        "SANE": 0,
        "VALID": 0,
        "total": 100.02377694387074
    }
}