{
    "counter": {
        "ACTIVE": 7490,
        "INACTIVE": 4159,
        "INVALID": 0,
        "MALICIOUS": 0,
        "SANE": 0,
        "VALID": 0,
        "total": 11649
    },
    "percentage": {
        "ACTIVE": 64.32497423565785,
        "INACTIVE": 35.7026354193493,
        "INVALID": 0,
        "MALICIOUS": 0,
        "SANE": 0,
        "VALID": 0,
        "total": 100.02760965500715
    }
}