{
    "counter": {
        "ACTIVE": 5864,
        "INACTIVE": 2944,
        "INVALID": 0,
        "MALICIOUS": 0,
        "SANE": 0,
        "VALID": 0,
        "total": 8808
    },
    "percentage": {
        "ACTIVE": 66.59852356615559,
        "INACTIVE": 33.42415985467757,
        "INVALID": 0,
        "MALICIOUS": 0,
        "SANE": 0,
        "VALID": 0,
        "total": 100.02268342083316
    }
}