{
    "counter": {
        "ACTIVE": 1451,
        "INACTIVE": 296,
        "INVALID": 0,
        "MALICIOUS": 0,
        "SANE": 0,
        "VALID": 0,
        "total": 1747
    },
    "percentage": {
        "ACTIVE": 83.10423825887743,
        "INACTIVE": 16.943331425300514,
        "INVALID": 0,
        "MALICIOUS": 0,
        "SANE": 0,
        "VALID": 0,
        "total": 100.04756968417794
    }
}