{
    "counter": {
        "ACTIVE": 12229,
        "INACTIVE": 5041,
        "INVALID": 0,
        "MALICIOUS": 0,
        "SANE": 0,
        "VALID": 0,
        "total": 17270
    },
    "percentage": {
        "ACTIVE": 70.82295708577054,
        "INACTIVE": 29.189345686160973,
        "INVALID": 0,
        "MALICIOUS": 0,
        "SANE": 0,
        "VALID": 0,
        "total": 100.01230277193152
    }
}