{
    "counter": {
        "ACTIVE": 8077,
        "INACTIVE": 4316,
        "INVALID": 0,
        "MALICIOUS": 0,
        "SANE": 0,
        "VALID": 0,
        "total": 12393
    },
    "percentage": {
        "ACTIVE": 65.1791478373144,
        "INACTIVE": 34.82611151456467,
        "INVALID": 0,
        "MALICIOUS": 0,
        "SANE": 0,
        "VALID": 0,
        "total": 100.00525935187908
    }
}