{
    "counter": {
        "ACTIVE": 7061,
        "INACTIVE": 3479,
        "INVALID": 0,
        "MALICIOUS": 0,
        "SANE": 0,
        "VALID": 0,
        "total": 10540
    },
    "percentage": {
        "ACTIVE": 67.00512431201366,
        "INACTIVE": 33.007590132827325,
        "INVALID": 0,
        "MALICIOUS": 0,
        "SANE": 0,
        "VALID": 0,
        "total": 100.01271444484098
    }
}