{
    "counter": {
        "ACTIVE": 5568,
        "INACTIVE": 2775,
        "INVALID": 0,
        "MALICIOUS": 0,
        "SANE": 0,
        "VALID": 0,
        "total": 8343
    },
    "percentage": {
        "ACTIVE": 66.7786039817702,
        "INACTIVE": 33.26141675656239,
        "INVALID": 0,
        "MALICIOUS": 0,
        "SANE": 0,
        "VALID": 0,
        "total": 100.0400207383326
    }
}