{
    "counter": {
        "ACTIVE": 3782,
        "INACTIVE": 1545,
        "INVALID": 0,
        "MALICIOUS": 0,
        "SANE": 0,
        "VALID": 0,
        "total": 5327
    },
    "percentage": {
        "ACTIVE": 71.01013894104393,
        "INACTIVE": 29.003191289656467,
        "INVALID": 0,
        "MALICIOUS": 0,
        "SANE": 0,
        "VALID": 0,
        "total": 100.0133302307004
    }
}