{
    "counter": {
        "ACTIVE": 8145,
        "INACTIVE": 4325,
        "INVALID": 0,
        "MALICIOUS": 0,
        "SANE": 0,
        "VALID": 0,
        "total": 12470
    },
    "percentage": {
        "ACTIVE": 65.3167602245389,
        "INACTIVE": 34.68880333654155,
        "INVALID": 0,
        "MALICIOUS": 0,
        "SANE": 0,
        "VALID": 0,
        "total": 100.00556356108044
    }
}