{
    "counter": {
        "ACTIVE": 1076,
        "INACTIVE": 158,
        "INVALID": 0,
        "MALICIOUS": 0,
        "SANE": 0,
        "VALID": 0,
        "total": 1234
    },
    "percentage": {
        "ACTIVE": 87.26682887266828,
        "INACTIVE": 12.80388978930308,
        "INVALID": 0,
        "MALICIOUS": 0,
        "SANE": 0,
        "VALID": 0,
        "total": 100.07071866197137
    }
}