{
    "counter": {
        "ACTIVE": 11052,
        "INACTIVE": 4803,
        "INVALID": 0,
        "MALICIOUS": 0,
        "SANE": 0,
        "VALID": 0,
        "total": 15855
    },
    "percentage": {
        "ACTIVE": 69.71111391446954,
        "INACTIVE": 30.293282876064332,
        "INVALID": 0,
        "MALICIOUS": 0,
        "SANE": 0,
        "VALID": 0,
        "total": 100.00439679053386
    }
}