{
    "counter": {
        "ACTIVE": 11135,
        "INACTIVE": 4812,
        "INVALID": 0,
        "MALICIOUS": 0,
        "SANE": 0,
        "VALID": 0,
        "total": 15947
    },
    "percentage": {
        "ACTIVE": 69.82942430703625,
        "INACTIVE": 30.174954536903492,
        "INVALID": 0,
        "MALICIOUS": 0,
        "SANE": 0,
        "VALID": 0,
        "total": 100.00437884393975
    }
}