{
    "counter": {
        "ACTIVE": 13040,
        "INACTIVE": 5232,
        "INVALID": 0,
        "MALICIOUS": 0,
        "SANE": 0,
        "VALID": 0,
        "total": 18272
    },
    "percentage": {
        "ACTIVE": 71.3660245183888,
        "INACTIVE": 28.66064092029581,
        "INVALID": 0,
        "MALICIOUS": 0,
        "SANE": 0,
        "VALID": 0,
        "total": 100.0266654386846
    }
}