{
    "counter": {
        "ACTIVE": 3353,
        "INACTIVE": 1179,
        "INVALID": 0,
        "MALICIOUS": 0,
        "SANE": 0,
        "VALID": 0,
        "total": 4532
    },
    "percentage": {
        "ACTIVE": 73.98499558693733,
        "INACTIVE": 26.02074597219157,
        "INVALID": 0,
        "MALICIOUS": 0,
        "SANE": 0,
        "VALID": 0,
        "total": 100.0057415591289
    }
}