{
    "counter": {
        "ACTIVE": 11294,
        "INACTIVE": 4834,
        "INVALID": 0,
        "MALICIOUS": 0,
        "SANE": 0,
        "VALID": 0,
        "total": 16128
    },
    "percentage": {
        "ACTIVE": 70.03162398462206,
        "INACTIVE": 29.972718253968253,
        "INVALID": 0,
        "MALICIOUS": 0,
        "SANE": 0,
        "VALID": 0,
        "total": 100.00434223859031
    }
}