{
    "counter": {
        "ACTIVE": 3572,
        "INACTIVE": 1328,
        "INVALID": 0,
        "MALICIOUS": 0,
        "SANE": 0,
        "VALID": 0,
        "total": 4900
    },
    "percentage": {
        "ACTIVE": 72.92772560228664,
        "INACTIVE": 27.102040816326532,
        "INVALID": 0,
        "MALICIOUS": 0,
        "SANE": 0,
        "VALID": 0,
        "total": 100.02976641861318
    }
}