{
    "counter": {
        "ACTIVE": 7323,
        "INACTIVE": 3822,
        "INVALID": 0,
        "MALICIOUS": 0,
        "SANE": 0,
        "VALID": 0,
        "total": 11145
    },
    "percentage": {
        "ACTIVE": 65.71249102656138,
        "INACTIVE": 34.293405114401075,
        "INVALID": 0,
        "MALICIOUS": 0,
        "SANE": 0,
        "VALID": 0,
        "total": 100.00589614096245
    }
}