{
    "counter": {
        "ACTIVE": 5552,
        "INACTIVE": 2736,
        "INVALID": 0,
        "MALICIOUS": 0,
        "SANE": 0,
        "VALID": 0,
        "total": 8288
    },
    "percentage": {
        "ACTIVE": 67.01267350633675,
        "INACTIVE": 33.011583011583014,
        "INVALID": 0,
        "MALICIOUS": 0,
        "SANE": 0,
        "VALID": 0,
        "total": 100.02425651791977
    }
}