{
    "counter": {
        "ACTIVE": 2699,
        "INACTIVE": 844,
        "INVALID": 0,
        "MALICIOUS": 0,
        "SANE": 0,
        "VALID": 0,
        "total": 3543
    },
    "percentage": {
        "ACTIVE": 76.22140638237786,
        "INACTIVE": 23.821620095963873,
        "INVALID": 0,
        "MALICIOUS": 0,
        "SANE": 0,
        "VALID": 0,
        "total": 100.04302647834174
    }
}