{
    "counter": {
        "ACTIVE": 7009,
        "INACTIVE": 3454,
        "INVALID": 0,
        "MALICIOUS": 0,
        "SANE": 0,
        "VALID": 0,
        "total": 10463
    },
    "percentage": {
        "ACTIVE": 66.9884354391666,
        "INACTIVE": 33.014719938826225,
        "INVALID": 0,
        "MALICIOUS": 0,
        "SANE": 0,
        "VALID": 0,
        "total": 100.00315537799281
    }
}