{
    "counter": {
        "ACTIVE": 7063,
        "INACTIVE": 3492,
        "INVALID": 0,
        "MALICIOUS": 0,
        "SANE": 0,
        "VALID": 0,
        "total": 10555
    },
    "percentage": {
        "ACTIVE": 66.99231717727402,
        "INACTIVE": 33.0838465182378,
        "INVALID": 0,
        "MALICIOUS": 0,
        "SANE": 0,
        "VALID": 0,
        "total": 100.07616369551181
    }
}