{
    "counter": {
        "ACTIVE": 3837,
        "INACTIVE": 1628,
        "INVALID": 0,
        "MALICIOUS": 0,
        "SANE": 0,
        "VALID": 0,
        "total": 5465
    },
    "percentage": {
        "ACTIVE": 70.22327964860908,
        "INACTIVE": 29.789569990850868,
        "INVALID": 0,
        "MALICIOUS": 0,
        "SANE": 0,
        "VALID": 0,
        "total": 100.01284963945994
    }
}