{
    "counter": {
        "ACTIVE": 13049,
        "INACTIVE": 5232,
        "INVALID": 0,
        "MALICIOUS": 0,
        "SANE": 0,
        "VALID": 0,
        "total": 18281
    },
    "percentage": {
        "ACTIVE": 71.38012143755812,
        "INACTIVE": 28.66064092029581,
        "INVALID": 0,
        "MALICIOUS": 0,
        "SANE": 0,
        "VALID": 0,
        "total": 100.04076235785392
    }
}