{
    "counter": {
        "ACTIVE": 7285,
        "INACTIVE": 3724,
        "INVALID": 0,
        "MALICIOUS": 0,
        "SANE": 0,
        "VALID": 0,
        "total": 11009
    },
    "percentage": {
        "ACTIVE": 66.18515490142636,
        "INACTIVE": 33.826868925424655,
        "INVALID": 0,
        "MALICIOUS": 0,
        "SANE": 0,
        "VALID": 0,
        "total": 100.01202382685102
    }
}