{
    "counter": {
        "ACTIVE": 2593,
        "INACTIVE": 781,
        "INVALID": 0,
        "MALICIOUS": 0,
        "SANE": 0,
        "VALID": 0,
        "total": 3374
    },
    "percentage": {
        "ACTIVE": 76.87518529498962,
        "INACTIVE": 23.147599288678126,
        "INVALID": 0,
        "MALICIOUS": 0,
        "SANE": 0,
        "VALID": 0,
        "total": 100.02278458366774
    }
}