{
    "counter": {
        "ACTIVE": 3737,
        "INACTIVE": 1480,
        "INVALID": 0,
        "MALICIOUS": 0,
        "SANE": 0,
        "VALID": 0,
        "total": 5217
    },
    "percentage": {
        "ACTIVE": 71.64493865030674,
        "INACTIVE": 28.368794326241133,
        "INVALID": 0,
        "MALICIOUS": 0,
        "SANE": 0,
        "VALID": 0,
        "total": 100.01373297654787
    }
}