{
    "counter": {
        "ACTIVE": 737,
        "INACTIVE": 74,
        "INVALID": 0,
        "MALICIOUS": 0,
        "SANE": 0,
        "VALID": 0,
        "total": 811
    },
    "percentage": {
        "ACTIVE": 90.98765432098766,
        "INACTIVE": 9.124537607891492,
        "INVALID": 0,
        "MALICIOUS": 0,
        "SANE": 0,
        "VALID": 0,
        "total": 100.11219192887916
    }
}