{
    "counter": {
        "ACTIVE": 4460,
        "INACTIVE": 2125,
        "INVALID": 0,
        "MALICIOUS": 0,
        "SANE": 0,
        "VALID": 0,
        "total": 6585
    },
    "percentage": {
        "ACTIVE": 67.75026583624488,
        "INACTIVE": 32.2703113135915,
        "INVALID": 0,
        "MALICIOUS": 0,
        "SANE": 0,
        "VALID": 0,
        "total": 100.02057714983638
    }
}