{
    "counter": {
        "ACTIVE": 5287,
        "INACTIVE": 2613,
        "INVALID": 0,
        "MALICIOUS": 0,
        "SANE": 0,
        "VALID": 0,
        "total": 7900
    },
    "percentage": {
        "ACTIVE": 66.93252310419041,
        "INACTIVE": 33.075949367088604,
        "INVALID": 0,
        "MALICIOUS": 0,
        "SANE": 0,
        "VALID": 0,
        "total": 100.00847247127902
    }
}