{
    "counter": {
        "ACTIVE": 10092,
        "INACTIVE": 4640,
        "INVALID": 0,
        "MALICIOUS": 0,
        "SANE": 0,
        "VALID": 0,
        "total": 14732
    },
    "percentage": {
        "ACTIVE": 68.50858733283552,
        "INACTIVE": 31.496062992125985,
        "INVALID": 0,
        "MALICIOUS": 0,
        "SANE": 0,
        "VALID": 0,
        "total": 100.0046503249615
    }
}