{
    "counter": {
        "ACTIVE": 12987,
        "INACTIVE": 5229,
        "INVALID": 0,
        "MALICIOUS": 0,
        "SANE": 0,
        "VALID": 0,
        "total": 18216
    },
    "percentage": {
        "ACTIVE": 71.29446640316206,
        "INACTIVE": 28.7639584135541,
        "INVALID": 0,
        "MALICIOUS": 0,
        "SANE": 0,
        "VALID": 0,
        "total": 100.05842481671615
    }
}