{
    "counter": {
        "ACTIVE": 3940,
        "INACTIVE": 1770,
        "INVALID": 0,
        "MALICIOUS": 0,
        "SANE": 0,
        "VALID": 0,
        "total": 5710
    },
    "percentage": {
        "ACTIVE": 69.02592852137352,
        "INACTIVE": 30.998248686514888,
        "INVALID": 0,
        "MALICIOUS": 0,
        "SANE": 0,
        "VALID": 0,
        "total": 100.0241772078884
    }
}