{
    "counter": {
        "ACTIVE": 7512,
        "INACTIVE": 4197,
        "INVALID": 0,
        "MALICIOUS": 0,
        "SANE": 0,
        "VALID": 0,
        "total": 11709
    },
    "percentage": {
        "ACTIVE": 64.17221937467966,
        "INACTIVE": 35.844222393031,
        "INVALID": 0,
        "MALICIOUS": 0,
        "SANE": 0,
        "VALID": 0,
        "total": 100.01644176771066
    }
}