{
    "counter": {
        "ACTIVE": 12311,
        "INACTIVE": 5076,
        "INVALID": 0,
        "MALICIOUS": 0,
        "SANE": 0,
        "VALID": 0,
        "total": 17387
    },
    "percentage": {
        "ACTIVE": 70.82206753724904,
        "INACTIVE": 29.19422557082878,
        "INVALID": 0,
        "MALICIOUS": 0,
        "SANE": 0,
        "VALID": 0,
        "total": 100.01629310807782
    }
}