{
    "counter": {
        "ACTIVE": 9034,
        "INACTIVE": 4448,
        "INVALID": 0,
        "MALICIOUS": 0,
        "SANE": 0,
        "VALID": 0,
        "total": 13482
    },
    "percentage": {
        "ACTIVE": 67.00786233496514,
        "INACTIVE": 33.02152932442465,
        "INVALID": 0,
        "MALICIOUS": 0,
        "SANE": 0,
        "VALID": 0,
        "total": 100.02939165938979
    }
}