{
    "counter": {
        "ACTIVE": 5033,
        "INACTIVE": 2490,
        "INVALID": 0,
        "MALICIOUS": 0,
        "SANE": 0,
        "VALID": 0,
        "total": 7523
    },
    "percentage": {
        "ACTIVE": 66.93709269849714,
        "INACTIVE": 33.098497939651736,
        "INVALID": 0,
        "MALICIOUS": 0,
        "SANE": 0,
        "VALID": 0,
        "total": 100.03559063814888
    }
}