{
    "counter": {
        "ACTIVE": 2391,
        "INACTIVE": 677,
        "INVALID": 0,
        "MALICIOUS": 0,
        "SANE": 0,
        "VALID": 0,
        "total": 3068
    },
    "percentage": {
        "ACTIVE": 77.98434442270059,
        "INACTIVE": 22.066492829204694,
        "INVALID": 0,
        "MALICIOUS": 0,
        "SANE": 0,
        "VALID": 0,
        "total": 100.05083725190528
    }
}