{
    "counter": {
        "ACTIVE": 2631,
        "INACTIVE": 809,
        "INVALID": 0,
        "MALICIOUS": 0,
        "SANE": 0,
        "VALID": 0,
        "total": 3440
    },
    "percentage": {
        "ACTIVE": 76.50479790636813,
        "INACTIVE": 23.517441860465116,
        "INVALID": 0,
        "MALICIOUS": 0,
        "SANE": 0,
        "VALID": 0,
        "total": 100.02223976683324
    }
}