{
    "counter": {
        "ACTIVE": 1372,
        "INACTIVE": 282,
        "INVALID": 0,
        "MALICIOUS": 0,
        "SANE": 0,
        "VALID": 0,
        "total": 1654
    },
    "percentage": {
        "ACTIVE": 82.95042321644499,
        "INACTIVE": 17.101273499090357,
        "INVALID": 0,
        "MALICIOUS": 0,
        "SANE": 0,
        "VALID": 0,
        "total": 100.05169671553534
    }
}