{
    "counter": {
        "ACTIVE": 4225,
        "INACTIVE": 2015,
        "INVALID": 0,
        "MALICIOUS": 0,
        "SANE": 0,
        "VALID": 0,
        "total": 6240
    },
    "percentage": {
        "ACTIVE": 67.71918576694983,
        "INACTIVE": 32.291666666666664,
        "INVALID": 0,
        "MALICIOUS": 0,
        "SANE": 0,
        "VALID": 0,
        "total": 100.01085243361649
    }
}