{
    "counter": {
        "ACTIVE": 5258,
        "INACTIVE": 2587,
        "INVALID": 0,
        "MALICIOUS": 0,
        "SANE": 0,
        "VALID": 0,
        "total": 7845
    },
    "percentage": {
        "ACTIVE": 67.03212646608873,
        "INACTIVE": 32.97641810070108,
        "INVALID": 0,
        "MALICIOUS": 0,
        "SANE": 0,
        "VALID": 0,
        "total": 100.00854456678981
    }
}