{
    "counter": {
        "ACTIVE": 9502,
        "INACTIVE": 4542,
        "INVALID": 0,
        "MALICIOUS": 0,
        "SANE": 0,
        "VALID": 0,
        "total": 14044
    },
    "percentage": {
        "ACTIVE": 67.65878667046425,
        "INACTIVE": 32.35042735042735,
        "INVALID": 0,
        "MALICIOUS": 0,
        "SANE": 0,
        "VALID": 0,
        "total": 100.0092140208916
    }
}