{
    "counter": {
        "ACTIVE": 9709,
        "INACTIVE": 4576,
        "INVALID": 0,
        "MALICIOUS": 0,
        "SANE": 0,
        "VALID": 0,
        "total": 14285
    },
    "percentage": {
        "ACTIVE": 67.97115653878465,
        "INACTIVE": 32.033601680084004,
        "INVALID": 0,
        "MALICIOUS": 0,
        "SANE": 0,
        "VALID": 0,
        "total": 100.00475821886866
    }
}