{
    "counter": {
        "ACTIVE": 2956,
        "INACTIVE": 955,
        "INVALID": 0,
        "MALICIOUS": 0,
        "SANE": 0,
        "VALID": 0,
        "total": 3911
    },
    "percentage": {
        "ACTIVE": 75.62036326426195,
        "INACTIVE": 24.418307338276655,
        "INVALID": 0,
        "MALICIOUS": 0,
        "SANE": 0,
        "VALID": 0,
        "total": 100.03867060253862
    }
}