{
    "counter": {
        "ACTIVE": 7482,
        "INACTIVE": 4146,
        "INVALID": 0,
        "MALICIOUS": 0,
        "SANE": 0,
        "VALID": 0,
        "total": 11628
    },
    "percentage": {
        "ACTIVE": 64.35021931710673,
        "INACTIVE": 35.65531475748194,
        "INVALID": 0,
        "MALICIOUS": 0,
        "SANE": 0,
        "VALID": 0,
        "total": 100.00553407458867
    }
}