{
    "counter": {
        "ACTIVE": 6726,
        "INACTIVE": 3238,
        "INVALID": 0,
        "MALICIOUS": 0,
        "SANE": 0,
        "VALID": 0,
        "total": 9964
    },
    "percentage": {
        "ACTIVE": 67.5097862089732,
        "INACTIVE": 32.496989160979524,
        "INVALID": 0,
        "MALICIOUS": 0,
        "SANE": 0,
        "VALID": 0,
        "total": 100.00677536995272
    }
}