{
    "counter": {
        "ACTIVE": 12754,
        "INACTIVE": 5210,
        "INVALID": 0,
        "MALICIOUS": 0,
        "SANE": 0,
        "VALID": 0,
        "total": 17964
    },
    "percentage": {
        "ACTIVE": 70.9975506568693,
        "INACTIVE": 29.033156868208415,
        "INVALID": 0,
        "MALICIOUS": 0,
        "SANE": 0,
        "VALID": 0,
        "total": 100.0307075250777
    }
}