{
    "counter": {
        "ACTIVE": 4516,
        "INACTIVE": 2137,
        "INVALID": 0,
        "MALICIOUS": 0,
        "SANE": 0,
        "VALID": 0,
        "total": 6653
    },
    "percentage": {
        "ACTIVE": 67.88935658448587,
        "INACTIVE": 32.12084773786262,
        "INVALID": 0,
        "MALICIOUS": 0,
        "SANE": 0,
        "VALID": 0,
        "total": 100.01020432234849
    }
}