{
    "counter": {
        "ACTIVE": 11285,
        "INACTIVE": 4832,
        "INVALID": 0,
        "MALICIOUS": 0,
        "SANE": 0,
        "VALID": 0,
        "total": 16117
    },
    "percentage": {
        "ACTIVE": 70.01923434882423,
        "INACTIVE": 30.001241773252204,
        "INVALID": 0,
        "MALICIOUS": 0,
        "SANE": 0,
        "VALID": 0,
        "total": 100.02047612207643
    }
}