{
    "counter": {
        "ACTIVE": 6948,
        "INACTIVE": 3387,
        "INVALID": 0,
        "MALICIOUS": 0,
        "SANE": 0,
        "VALID": 0,
        "total": 10335
    },
    "percentage": {
        "ACTIVE": 67.24738675958189,
        "INACTIVE": 32.77213352685051,
        "INVALID": 0,
        "MALICIOUS": 0,
        "SANE": 0,
        "VALID": 0,
        "total": 100.0195202864324
    }
}