{
    "counter": {
        "ACTIVE": 1141,
        "INACTIVE": 192,
        "INVALID": 0,
        "MALICIOUS": 0,
        "SANE": 0,
        "VALID": 0,
        "total": 1333
    },
    "percentage": {
        "ACTIVE": 85.66066066066067,
        "INACTIVE": 14.403600900225056,
        "INVALID": 0,
        "MALICIOUS": 0,
        "SANE": 0,
        "VALID": 0,
        "total": 100.06426156088573
    }
}