{
    "counter": {
        "ACTIVE": 0,
        "INACTIVE": 0,
        "INVALID": 39,
        "MALICIOUS": 0,
        "SANE": 0,
        "VALID": 17495,
        "total": 17534
    },
    "percentage": {
        "ACTIVE": 0,
        "INACTIVE": 0,
        "INVALID": 0.227365475427039,
        "MALICIOUS": 0,
        "SANE": 0,
        "VALID": 99.77757499714839,
        "total": 100.00494047257543
    }
}