{
    "counter": {
        "ACTIVE": 13888,
        "INACTIVE": 5338,
        "INVALID": 0,
        "MALICIOUS": 0,
        "SANE": 0,
        "VALID": 0,
        "total": 19226
    },
    "percentage": {
        "ACTIVE": 72.23551440757308,
        "INACTIVE": 27.7991875846266,
        "INVALID": 0,
        "MALICIOUS": 0,
        "SANE": 0,
        "VALID": 0,
        "total": 100.03470199219967
    }
}