{
    "counter": {
        "ACTIVE": 14395,
        "INACTIVE": 5363,
        "INVALID": 0,
        "MALICIOUS": 0,
        "SANE": 0,
        "VALID": 0,
        "total": 19758
    },
    "percentage": {
        "ACTIVE": 72.85656442959814,
        "INACTIVE": 27.151680842446336,
        "INVALID": 0,
        "MALICIOUS": 0,
        "SANE": 0,
        "VALID": 0,
        "total": 100.00824527204448
    }
}