{
    "counter": {
        "ACTIVE": 7117,
        "INACTIVE": 3585,
        "INVALID": 0,
        "MALICIOUS": 0,
        "SANE": 0,
        "VALID": 0,
        "total": 10702
    },
    "percentage": {
        "ACTIVE": 66.51401869158879,
        "INACTIVE": 33.49841151186694,
        "INVALID": 0,
        "MALICIOUS": 0,
        "SANE": 0,
        "VALID": 0,
        "total": 100.01243020345572
    }
}