{
    "counter": {
        "ACTIVE": 6675,
        "INACTIVE": 3227,
        "INVALID": 0,
        "MALICIOUS": 0,
        "SANE": 0,
        "VALID": 0,
        "total": 9902
    },
    "percentage": {
        "ACTIVE": 67.41743258256741,
        "INACTIVE": 32.58937588365987,
        "INVALID": 0,
        "MALICIOUS": 0,
        "SANE": 0,
        "VALID": 0,
        "total": 100.00680846622728
    }
}