{
    "counter": {
        "ACTIVE": 4052,
        "INACTIVE": 1887,
        "INVALID": 0,
        "MALICIOUS": 0,
        "SANE": 0,
        "VALID": 0,
        "total": 5939
    },
    "percentage": {
        "ACTIVE": 68.24995789119083,
        "INACTIVE": 31.77302576191278,
        "INVALID": 0,
        "MALICIOUS": 0,
        "SANE": 0,
        "VALID": 0,
        "total": 100.02298365310361
    }
}