{
    "counter": {
        "ACTIVE": 12935,
        "INACTIVE": 5224,
        "INVALID": 0,
        "MALICIOUS": 0,
        "SANE": 0,
        "VALID": 0,
        "total": 18159
    },
    "percentage": {
        "ACTIVE": 71.23189602951705,
        "INACTIVE": 28.82365923637166,
        "INVALID": 0,
        "MALICIOUS": 0,
        "SANE": 0,
        "VALID": 0,
        "total": 100.0555552658887
    }
}