{
    "counter": {
        "ACTIVE": 6520,
        "INACTIVE": 3179,
        "INVALID": 0,
        "MALICIOUS": 0,
        "SANE": 0,
        "VALID": 0,
        "total": 9699
    },
    "percentage": {
        "ACTIVE": 67.23035677459269,
        "INACTIVE": 32.77657490462934,
        "INVALID": 0,
        "MALICIOUS": 0,
        "SANE": 0,
        "VALID": 0,
        "total": 100.00693167922203
    }
}