{
    "counter": {
        "ACTIVE": 1896,
        "INACTIVE": 482,
        "INVALID": 0,
        "MALICIOUS": 0,
        "SANE": 0,
        "VALID": 0,
        "total": 2378
    },
    "percentage": {
        "ACTIVE": 79.76440891880522,
        "INACTIVE": 20.269133725820016,
        "INVALID": 0,
        "MALICIOUS": 0,
        "SANE": 0,
        "VALID": 0,
        "total": 100.03354264462523
    }
}