{
    "counter": {
        "ACTIVE": 12167,
        "INACTIVE": 5002,
        "INVALID": 0,
        "MALICIOUS": 0,
        "SANE": 0,
        "VALID": 0,
        "total": 17169
    },
    "percentage": {
        "ACTIVE": 70.87022367194781,
        "INACTIVE": 29.133904129535793,
        "INVALID": 0,
        "MALICIOUS": 0,
        "SANE": 0,
        "VALID": 0,
        "total": 100.0041278014836
    }
}