{
    "counter": {
        "ACTIVE": 11998,
        "INACTIVE": 4974,
        "INVALID": 0,
        "MALICIOUS": 0,
        "SANE": 0,
        "VALID": 0,
        "total": 16972
    },
    "percentage": {
        "ACTIVE": 70.69707147486889,
        "INACTIVE": 29.307094037237803,
        "INVALID": 0,
        "MALICIOUS": 0,
        "SANE": 0,
        "VALID": 0,
        "total": 100.0041655121067
    }
}