{
    "counter": {
        "ACTIVE": 3635,
        "INACTIVE": 1417,
        "INVALID": 0,
        "MALICIOUS": 0,
        "SANE": 0,
        "VALID": 0,
        "total": 5052
    },
    "percentage": {
        "ACTIVE": 71.96594733716096,
        "INACTIVE": 28.04829770387965,
        "INVALID": 0,
        "MALICIOUS": 0,
        "SANE": 0,
        "VALID": 0,
        "total": 100.01424504104061
    }
}