{
    "counter": {
        "ACTIVE": 13789,
        "INACTIVE": 5325,
        "INVALID": 0,
        "MALICIOUS": 0,
        "SANE": 0,
        "VALID": 0,
        "total": 19114
    },
    "percentage": {
        "ACTIVE": 72.14083917547347,
        "INACTIVE": 27.891263356379635,
        "INVALID": 0,
        "MALICIOUS": 0,
        "SANE": 0,
        "VALID": 0,
        "total": 100.03210253185311
    }
}