{
    "counter": {
        "ACTIVE": 11826,
        "INACTIVE": 4931,
        "INVALID": 0,
        "MALICIOUS": 0,
        "SANE": 0,
        "VALID": 0,
        "total": 16757
    },
    "percentage": {
        "ACTIVE": 70.57770350919074,
        "INACTIVE": 29.426508324879155,
        "INVALID": 0,
        "MALICIOUS": 0,
        "SANE": 0,
        "VALID": 0,
        "total": 100.00421183406989
    }
}