{
    "counter": {
        "ACTIVE": 9975,
        "INACTIVE": 4619,
        "INVALID": 0,
        "MALICIOUS": 0,
        "SANE": 0,
        "VALID": 0,
        "total": 14594
    },
    "percentage": {
        "ACTIVE": 68.35469060508463,
        "INACTIVE": 31.649993147868987,
        "INVALID": 0,
        "MALICIOUS": 0,
        "SANE": 0,
        "VALID": 0,
        "total": 100.00468375295361
    }
}