{
    "counter": {
        "ACTIVE": 7453,
        "INACTIVE": 4092,
        "INVALID": 0,
        "MALICIOUS": 0,
        "SANE": 0,
        "VALID": 0,
        "total": 11545
    },
    "percentage": {
        "ACTIVE": 64.58965248288413,
        "INACTIVE": 35.443915114768295,
        "INVALID": 0,
        "MALICIOUS": 0,
        "SANE": 0,
        "VALID": 0,
        "total": 100.03356759765242
    }
}