{
    "counter": {
        "ACTIVE": 7192,
        "INACTIVE": 3674,
        "INVALID": 0,
        "MALICIOUS": 0,
        "SANE": 0,
        "VALID": 0,
        "total": 10866
    },
    "percentage": {
        "ACTIVE": 66.20029455081001,
        "INACTIVE": 33.811890300018405,
        "INVALID": 0,
        "MALICIOUS": 0,
        "SANE": 0,
        "VALID": 0,
        "total": 100.01218485082842
    }
}