{
    "counter": {
        "ACTIVE": 3500,
        "INACTIVE": 1279,
        "INVALID": 0,
        "MALICIOUS": 0,
        "SANE": 0,
        "VALID": 0,
        "total": 4779
    },
    "percentage": {
        "ACTIVE": 73.29842931937172,
        "INACTIVE": 26.7629211132036,
        "INVALID": 0,
        "MALICIOUS": 0,
        "SANE": 0,
        "VALID": 0,
        "total": 100.06135043257532
    }
}