{
    "counter": {
        "ACTIVE": 7413,
        "INACTIVE": 4019,
        "INVALID": 0,
        "MALICIOUS": 0,
        "SANE": 0,
        "VALID": 0,
        "total": 11432
    },
    "percentage": {
        "ACTIVE": 64.88970588235294,
        "INACTIVE": 35.155703289013296,
        "INVALID": 0,
        "MALICIOUS": 0,
        "SANE": 0,
        "VALID": 0,
        "total": 100.04540917136623
    }
}