{
    "counter": {
        "ACTIVE": 6130,
        "INACTIVE": 3054,
        "INVALID": 0,
        "MALICIOUS": 0,
        "SANE": 0,
        "VALID": 0,
        "total": 9184
    },
    "percentage": {
        "ACTIVE": 66.74651567944251,
        "INACTIVE": 33.264350288639584,
        "INVALID": 0,
        "MALICIOUS": 0,
        "SANE": 0,
        "VALID": 0,
        "total": 100.0108659680821
    }
}