{
    "counter": {
        "ACTIVE": 5087,
        "INACTIVE": 2528,
        "INVALID": 0,
        "MALICIOUS": 0,
        "SANE": 0,
        "VALID": 0,
        "total": 7615
    },
    "percentage": {
        "ACTIVE": 66.81991330618679,
        "INACTIVE": 33.19763624425476,
        "INVALID": 0,
        "MALICIOUS": 0,
        "SANE": 0,
        "VALID": 0,
        "total": 100.01754955044154
    }
}