{
    "counter": {
        "ACTIVE": 13658,
        "INACTIVE": 5310,
        "INVALID": 0,
        "MALICIOUS": 0,
        "SANE": 0,
        "VALID": 0,
        "total": 18968
    },
    "percentage": {
        "ACTIVE": 72.00548291859975,
        "INACTIVE": 28.007806318898677,
        "INVALID": 0,
        "MALICIOUS": 0,
        "SANE": 0,
        "VALID": 0,
        "total": 100.01328923749843
    }
}