{
    "counter": {
        "ACTIVE": 12684,
        "INACTIVE": 5200,
        "INVALID": 0,
        "MALICIOUS": 0,
        "SANE": 0,
        "VALID": 0,
        "total": 17884
    },
    "percentage": {
        "ACTIVE": 70.92373070901364,
        "INACTIVE": 29.146348298862172,
        "INVALID": 0,
        "MALICIOUS": 0,
        "SANE": 0,
        "VALID": 0,
        "total": 100.07007900787582
    }
}