{
    "counter": {
        "ACTIVE": 4624,
        "INACTIVE": 2225,
        "INVALID": 0,
        "MALICIOUS": 0,
        "SANE": 0,
        "VALID": 0,
        "total": 6849
    },
    "percentage": {
        "ACTIVE": 67.51350562125857,
        "INACTIVE": 32.49598364247115,
        "INVALID": 0,
        "MALICIOUS": 0,
        "SANE": 0,
        "VALID": 0,
        "total": 100.00948926372973
    }
}