{
    "counter": {
        "ACTIVE": 7095,
        "INACTIVE": 3546,
        "INVALID": 0,
        "MALICIOUS": 0,
        "SANE": 0,
        "VALID": 0,
        "total": 10641
    },
    "percentage": {
        "ACTIVE": 66.71995486176415,
        "INACTIVE": 33.323935720327036,
        "INVALID": 0,
        "MALICIOUS": 0,
        "SANE": 0,
        "VALID": 0,
        "total": 100.0438905820912
    }
}