{
    "counter": {
        "ACTIVE": 7296,
        "INACTIVE": 3750,
        "INVALID": 0,
        "MALICIOUS": 0,
        "SANE": 0,
        "VALID": 0,
        "total": 11046
    },
    "percentage": {
        "ACTIVE": 66.0570393843368,
        "INACTIVE": 33.94894079304726,
        "INVALID": 0,
        "MALICIOUS": 0,
        "SANE": 0,
        "VALID": 0,
        "total": 100.00598017738406
    }
}