{
    "counter": {
        "ACTIVE": 13125,
        "INACTIVE": 5242,
        "INVALID": 0,
        "MALICIOUS": 0,
        "SANE": 0,
        "VALID": 0,
        "total": 18367
    },
    "percentage": {
        "ACTIVE": 71.45968312734796,
        "INACTIVE": 28.543424993193575,
        "INVALID": 0,
        "MALICIOUS": 0,
        "SANE": 0,
        "VALID": 0,
        "total": 100.00310812054153
    }
}