{
    "counter": {
        "ACTIVE": 3556,
        "INACTIVE": 1315,
        "INVALID": 0,
        "MALICIOUS": 0,
        "SANE": 0,
        "VALID": 0,
        "total": 4871
    },
    "percentage": {
        "ACTIVE": 73.03347710002053,
        "INACTIVE": 26.996509956887703,
        "INVALID": 0,
        "MALICIOUS": 0,
        "SANE": 0,
        "VALID": 0,
        "total": 100.02998705690824
    }
}