{
    "counter": {
        "ACTIVE": 4555,
        "INACTIVE": 2162,
        "INVALID": 0,
        "MALICIOUS": 0,
        "SANE": 0,
        "VALID": 0,
        "total": 6717
    },
    "percentage": {
        "ACTIVE": 67.82310899344849,
        "INACTIVE": 32.186988238797085,
        "INVALID": 0,
        "MALICIOUS": 0,
        "SANE": 0,
        "VALID": 0,
        "total": 100.01009723224557
    }
}