{
    "counter": {
        "ACTIVE": 3909,
        "INACTIVE": 1730,
        "INVALID": 0,
        "MALICIOUS": 0,
        "SANE": 0,
        "VALID": 0,
        "total": 5639
    },
    "percentage": {
        "ACTIVE": 69.32080156056038,
        "INACTIVE": 30.70097604259095,
        "INVALID": 0,
        "MALICIOUS": 0,
        "SANE": 0,
        "VALID": 0,
        "total": 100.02177760315134
    }
}