{
    "counter": {
        "ACTIVE": 3262,
        "INACTIVE": 1143,
        "INVALID": 0,
        "MALICIOUS": 0,
        "SANE": 0,
        "VALID": 0,
        "total": 4405
    },
    "percentage": {
        "ACTIVE": 74.06902815622162,
        "INACTIVE": 25.947786606129398,
        "INVALID": 0,
        "MALICIOUS": 0,
        "SANE": 0,
        "VALID": 0,
        "total": 100.01681476235102
    }
}