{
    "counter": {
        "ACTIVE": 12835,
        "INACTIVE": 5217,
        "INVALID": 0,
        "MALICIOUS": 0,
        "SANE": 0,
        "VALID": 0,
        "total": 18052
    },
    "percentage": {
        "ACTIVE": 71.10015510746732,
        "INACTIVE": 28.920671877598537,
        "INVALID": 0,
        "MALICIOUS": 0,
        "SANE": 0,
        "VALID": 0,
        "total": 100.02082698506585
    }
}