{
    "counter": {
        "ACTIVE": 4214,
        "INACTIVE": 2001,
        "INVALID": 0,
        "MALICIOUS": 0,
        "SANE": 0,
        "VALID": 0,
        "total": 6215
    },
    "percentage": {
        "ACTIVE": 67.86922209695604,
        "INACTIVE": 32.19629927594529,
        "INVALID": 0,
        "MALICIOUS": 0,
        "SANE": 0,
        "VALID": 0,
        "total": 100.06552137290133
    }
}