{
    "counter": {
        "ACTIVE": 10233,
        "INACTIVE": 4661,
        "INVALID": 0,
        "MALICIOUS": 0,
        "SANE": 0,
        "VALID": 0,
        "total": 14894
    },
    "percentage": {
        "ACTIVE": 68.70551900093997,
        "INACTIVE": 31.29658228698046,
        "INVALID": 0,
        "MALICIOUS": 0,
        "SANE": 0,
        "VALID": 0,
        "total": 100.00210128792042
    }
}