{
    "counter": {
        "ACTIVE": 14300,
        "INACTIVE": 5358,
        "INVALID": 0,
        "MALICIOUS": 0,
        "SANE": 0,
        "VALID": 0,
        "total": 19658
    },
    "percentage": {
        "ACTIVE": 72.74392104995422,
        "INACTIVE": 27.278281234090215,
        "INVALID": 0,
        "MALICIOUS": 0,
        "SANE": 0,
        "VALID": 0,
        "total": 100.02220228404444
    }
}