{
    "counter": {
        "ACTIVE": 5806,
        "INACTIVE": 2917,
        "INVALID": 0,
        "MALICIOUS": 0,
        "SANE": 0,
        "VALID": 0,
        "total": 8723
    },
    "percentage": {
        "ACTIVE": 66.56730107773447,
        "INACTIVE": 33.44033016164164,
        "INVALID": 0,
        "MALICIOUS": 0,
        "SANE": 0,
        "VALID": 0,
        "total": 100.00763123937611
    }
}