{
    "counter": {
        "ACTIVE": 7095,
        "INACTIVE": 3544,
        "INVALID": 0,
        "MALICIOUS": 0,
        "SANE": 0,
        "VALID": 0,
        "total": 10639
    },
    "percentage": {
        "ACTIVE": 66.71995486176415,
        "INACTIVE": 33.311401447504466,
        "INVALID": 0,
        "MALICIOUS": 0,
        "SANE": 0,
        "VALID": 0,
        "total": 100.03135630926862
    }
}