{
    "counter": {
        "ACTIVE": 7446,
        "INACTIVE": 4077,
        "INVALID": 0,
        "MALICIOUS": 0,
        "SANE": 0,
        "VALID": 0,
        "total": 11523
    },
    "percentage": {
        "ACTIVE": 64.6241971879882,
        "INACTIVE": 35.381411090861754,
        "INVALID": 0,
        "MALICIOUS": 0,
        "SANE": 0,
        "VALID": 0,
        "total": 100.00560827884996
    }
}