{
    "counter": {
        "ACTIVE": 9551,
        "INACTIVE": 4554,
        "INVALID": 0,
        "MALICIOUS": 0,
        "SANE": 0,
        "VALID": 0,
        "total": 14105
    },
    "percentage": {
        "ACTIVE": 67.718377765173,
        "INACTIVE": 32.28642325416519,
        "INVALID": 0,
        "MALICIOUS": 0,
        "SANE": 0,
        "VALID": 0,
        "total": 100.0048010193382
    }
}