{
    "counter": {
        "ACTIVE": 4891,
        "INACTIVE": 2389,
        "INVALID": 0,
        "MALICIOUS": 0,
        "SANE": 0,
        "VALID": 0,
        "total": 7280
    },
    "percentage": {
        "ACTIVE": 67.1932957823877,
        "INACTIVE": 32.815934065934066,
        "INVALID": 0,
        "MALICIOUS": 0,
        "SANE": 0,
        "VALID": 0,
        "total": 100.00922984832175
    }
}