{
    "counter": {
        "ACTIVE": 11495,
        "INACTIVE": 4879,
        "INVALID": 0,
        "MALICIOUS": 0,
        "SANE": 0,
        "VALID": 0,
        "total": 16374
    },
    "percentage": {
        "ACTIVE": 70.20276047392207,
        "INACTIVE": 29.806341254810924,
        "INVALID": 0,
        "MALICIOUS": 0,
        "SANE": 0,
        "VALID": 0,
        "total": 100.00910172873299
    }
}