{
    "counter": {
        "ACTIVE": 1971,
        "INACTIVE": 507,
        "INVALID": 0,
        "MALICIOUS": 0,
        "SANE": 0,
        "VALID": 0,
        "total": 2478
    },
    "percentage": {
        "ACTIVE": 79.63636363636364,
        "INACTIVE": 20.46004842615012,
        "INVALID": 0,
        "MALICIOUS": 0,
        "SANE": 0,
        "VALID": 0,
        "total": 100.09641206251376
    }
}