{
    "counter": {
        "ACTIVE": 7492,
        "INACTIVE": 4161,
        "INVALID": 0,
        "MALICIOUS": 0,
        "SANE": 0,
        "VALID": 0,
        "total": 11653
    },
    "percentage": {
        "ACTIVE": 64.30349326238091,
        "INACTIVE": 35.70754312194285,
        "INVALID": 0,
        "MALICIOUS": 0,
        "SANE": 0,
        "VALID": 0,
        "total": 100.01103638432376
    }
}