{
    "counter": {
        "ACTIVE": 3113,
        "INACTIVE": 1062,
        "INVALID": 0,
        "MALICIOUS": 0,
        "SANE": 0,
        "VALID": 0,
        "total": 4175
    },
    "percentage": {
        "ACTIVE": 74.67018469656992,
        "INACTIVE": 25.437125748502993,
        "INVALID": 0,
        "MALICIOUS": 0,
        "SANE": 0,
        "VALID": 0,
        "total": 100.10731044507291
    }
}