{
    "counter": {
        "ACTIVE": 3813,
        "INACTIVE": 1589,
        "INVALID": 0,
        "MALICIOUS": 0,
        "SANE": 0,
        "VALID": 0,
        "total": 5402
    },
    "percentage": {
        "ACTIVE": 70.61111111111111,
        "INACTIVE": 29.41503146982599,
        "INVALID": 0,
        "MALICIOUS": 0,
        "SANE": 0,
        "VALID": 0,
        "total": 100.0261425809371
    }
}