{
    "counter": {
        "ACTIVE": 14327,
        "INACTIVE": 5359,
        "INVALID": 0,
        "MALICIOUS": 0,
        "SANE": 0,
        "VALID": 0,
        "total": 19686
    },
    "percentage": {
        "ACTIVE": 72.77760845270751,
        "INACTIVE": 27.25561997762181,
        "INVALID": 0,
        "MALICIOUS": 0,
        "SANE": 0,
        "VALID": 0,
        "total": 100.03322843032932
    }
}