{
    "counter": {
        "ACTIVE": 7008,
        "INACTIVE": 3454,
        "INVALID": 0,
        "MALICIOUS": 0,
        "SANE": 0,
        "VALID": 0,
        "total": 10462
    },
    "percentage": {
        "ACTIVE": 66.99168339546888,
        "INACTIVE": 33.014719938826225,
        "INVALID": 0,
        "MALICIOUS": 0,
        "SANE": 0,
        "VALID": 0,
        "total": 100.0064033342951
    }
}