{
    "counter": {
        "ACTIVE": 7363,
        "INACTIVE": 3941,
        "INVALID": 0,
        "MALICIOUS": 0,
        "SANE": 0,
        "VALID": 0,
        "total": 11304
    },
    "percentage": {
        "ACTIVE": 65.17659555634239,
        "INACTIVE": 34.86376503892428,
        "INVALID": 0,
        "MALICIOUS": 0,
        "SANE": 0,
        "VALID": 0,
        "total": 100.04036059526666
    }
}