{
    "counter": {
        "ACTIVE": 3872,
        "INACTIVE": 1692,
        "INVALID": 0,
        "MALICIOUS": 0,
        "SANE": 0,
        "VALID": 0,
        "total": 5564
    },
    "percentage": {
        "ACTIVE": 69.70297029702971,
        "INACTIVE": 30.409777138749103,
        "INVALID": 0,
        "MALICIOUS": 0,
        "SANE": 0,
        "VALID": 0,
        "total": 100.11274743577881
    }
}