{
    "counter": {
        "ACTIVE": 4046,
        "INACTIVE": 1874,
        "INVALID": 0,
        "MALICIOUS": 0,
        "SANE": 0,
        "VALID": 0,
        "total": 5920
    },
    "percentage": {
        "ACTIVE": 68.36769178776613,
        "INACTIVE": 31.655405405405407,
        "INVALID": 0,
        "MALICIOUS": 0,
        "SANE": 0,
        "VALID": 0,
        "total": 100.02309719317154
    }
}