{
    "counter": {
        "ACTIVE": 11797,
        "INACTIVE": 4920,
        "INVALID": 0,
        "MALICIOUS": 0,
        "SANE": 0,
        "VALID": 0,
        "total": 16717
    },
    "percentage": {
        "ACTIVE": 70.57310361330462,
        "INACTIVE": 29.43111802356882,
        "INVALID": 0,
        "MALICIOUS": 0,
        "SANE": 0,
        "VALID": 0,
        "total": 100.00422163687344
    }
}