{
    "counter": {
        "ACTIVE": 3095,
        "INACTIVE": 1050,
        "INVALID": 0,
        "MALICIOUS": 0,
        "SANE": 0,
        "VALID": 0,
        "total": 4145
    },
    "percentage": {
        "ACTIVE": 74.74040086935523,
        "INACTIVE": 25.331724969843183,
        "INVALID": 0,
        "MALICIOUS": 0,
        "SANE": 0,
        "VALID": 0,
        "total": 100.0721258391984
    }
}