{
    "counter": {
        "ACTIVE": 12585,
        "INACTIVE": 5186,
        "INVALID": 0,
        "MALICIOUS": 0,
        "SANE": 0,
        "VALID": 0,
        "total": 17771
    },
    "percentage": {
        "ACTIVE": 70.81762421923358,
        "INACTIVE": 29.20209471254012,
        "INVALID": 0,
        "MALICIOUS": 0,
        "SANE": 0,
        "VALID": 0,
        "total": 100.0197189317737
    }
}