{
    "counter": {
        "ACTIVE": 5060,
        "INACTIVE": 2502,
        "INVALID": 0,
        "MALICIOUS": 0,
        "SANE": 0,
        "VALID": 0,
        "total": 7562
    },
    "percentage": {
        "ACTIVE": 66.92236476656527,
        "INACTIVE": 33.08648505686326,
        "INVALID": 0,
        "MALICIOUS": 0,
        "SANE": 0,
        "VALID": 0,
        "total": 100.00884982342853
    }
}