{
    "counter": {
        "ACTIVE": 7453,
        "INACTIVE": 4090,
        "INVALID": 0,
        "MALICIOUS": 0,
        "SANE": 0,
        "VALID": 0,
        "total": 11543
    },
    "percentage": {
        "ACTIVE": 64.58965248288413,
        "INACTIVE": 35.43272979294811,
        "INVALID": 0,
        "MALICIOUS": 0,
        "SANE": 0,
        "VALID": 0,
        "total": 100.02238227583224
    }
}