{
    "counter": {
        "ACTIVE": 6314,
        "INACTIVE": 3120,
        "INVALID": 0,
        "MALICIOUS": 0,
        "SANE": 0,
        "VALID": 0,
        "total": 9434
    },
    "percentage": {
        "ACTIVE": 66.93522739319411,
        "INACTIVE": 33.07186771252915,
        "INVALID": 0,
        "MALICIOUS": 0,
        "SANE": 0,
        "VALID": 0,
        "total": 100.00709510572327
    }
}