{
    "counter": {
        "ACTIVE": 2444,
        "INACTIVE": 704,
        "INVALID": 0,
        "MALICIOUS": 0,
        "SANE": 0,
        "VALID": 0,
        "total": 3148
    },
    "percentage": {
        "ACTIVE": 77.68595041322314,
        "INACTIVE": 22.36340533672173,
        "INVALID": 0,
        "MALICIOUS": 0,
        "SANE": 0,
        "VALID": 0,
        "total": 100.04935574994487
    }
}