{
    "counter": {
        "ACTIVE": 6895,
        "INACTIVE": 3350,
        "INVALID": 0,
        "MALICIOUS": 0,
        "SANE": 0,
        "VALID": 0,
        "total": 10245
    },
    "percentage": {
        "ACTIVE": 67.3076923076923,
        "INACTIVE": 32.69887750122011,
        "INVALID": 0,
        "MALICIOUS": 0,
        "SANE": 0,
        "VALID": 0,
        "total": 100.00656980891242
    }
}