{
    "counter": {
        "ACTIVE": 13828,
        "INACTIVE": 5329,
        "INVALID": 0,
        "MALICIOUS": 0,
        "SANE": 0,
        "VALID": 0,
        "total": 19157
    },
    "percentage": {
        "ACTIVE": 72.18249203946338,
        "INACTIVE": 27.84076067081135,
        "INVALID": 0,
        "MALICIOUS": 0,
        "SANE": 0,
        "VALID": 0,
        "total": 100.02325271027473
    }
}