{
    "counter": {
        "ACTIVE": 7478,
        "INACTIVE": 4131,
        "INVALID": 0,
        "MALICIOUS": 0,
        "SANE": 0,
        "VALID": 0,
        "total": 11609
    },
    "percentage": {
        "ACTIVE": 64.421088904204,
        "INACTIVE": 35.58446033250065,
        "INVALID": 0,
        "MALICIOUS": 0,
        "SANE": 0,
        "VALID": 0,
        "total": 100.00554923670464
    }
}