{
    "counter": {
        "ACTIVE": 6096,
        "INACTIVE": 3042,
        "INVALID": 0,
        "MALICIOUS": 0,
        "SANE": 0,
        "VALID": 0,
        "total": 9138
    },
    "percentage": {
        "ACTIVE": 66.717741052862,
        "INACTIVE": 33.28956007879186,
        "INVALID": 0,
        "MALICIOUS": 0,
        "SANE": 0,
        "VALID": 0,
        "total": 100.00730113165386
    }
}