{
    "counter": {
        "ACTIVE": 7524,
        "INACTIVE": 4236,
        "INVALID": 0,
        "MALICIOUS": 0,
        "SANE": 0,
        "VALID": 0,
        "total": 11760
    },
    "percentage": {
        "ACTIVE": 63.985032740879326,
        "INACTIVE": 36.02040816326531,
        "INVALID": 0,
        "MALICIOUS": 0,
        "SANE": 0,
        "VALID": 0,
        "total": 100.00544090414463
    }
}