{
    "counter": {
        "ACTIVE": 4109,
        "INACTIVE": 1911,
        "INVALID": 0,
        "MALICIOUS": 0,
        "SANE": 0,
        "VALID": 0,
        "total": 6020
    },
    "percentage": {
        "ACTIVE": 68.2671540122944,
        "INACTIVE": 31.74418604651163,
        "INVALID": 0,
        "MALICIOUS": 0,
        "SANE": 0,
        "VALID": 0,
        "total": 100.01134005880603
    }
}