{
    "counter": {
        "ACTIVE": 3854,
        "INACTIVE": 1653,
        "INVALID": 0,
        "MALICIOUS": 0,
        "SANE": 0,
        "VALID": 0,
        "total": 5507
    },
    "percentage": {
        "ACTIVE": 70.02180232558139,
        "INACTIVE": 30.01634283639005,
        "INVALID": 0,
        "MALICIOUS": 0,
        "SANE": 0,
        "VALID": 0,
        "total": 100.03814516197144
    }
}