{
    "counter": {
        "ACTIVE": 12749,
        "INACTIVE": 5210,
        "INVALID": 0,
        "MALICIOUS": 0,
        "SANE": 0,
        "VALID": 0,
        "total": 17959
    },
    "percentage": {
        "ACTIVE": 70.98947602873211,
        "INACTIVE": 29.033156868208415,
        "INVALID": 0,
        "MALICIOUS": 0,
        "SANE": 0,
        "VALID": 0,
        "total": 100.02263289694054
    }
}