{
    "counter": {
        "ACTIVE": 5354,
        "INACTIVE": 2638,
        "INVALID": 0,
        "MALICIOUS": 0,
        "SANE": 0,
        "VALID": 0,
        "total": 7992
    },
    "percentage": {
        "ACTIVE": 67.00876095118899,
        "INACTIVE": 33.008008008008005,
        "INVALID": 0,
        "MALICIOUS": 0,
        "SANE": 0,
        "VALID": 0,
        "total": 100.016768959197
    }
}