{
    "counter": {
        "ACTIVE": 3725,
        "INACTIVE": 1454,
        "INVALID": 0,
        "MALICIOUS": 0,
        "SANE": 0,
        "VALID": 0,
        "total": 5179
    },
    "percentage": {
        "ACTIVE": 71.93897257628429,
        "INACTIVE": 28.074917937825834,
        "INVALID": 0,
        "MALICIOUS": 0,
        "SANE": 0,
        "VALID": 0,
        "total": 100.01389051411012
    }
}