{
    "counter": {
        "ACTIVE": 430,
        "INACTIVE": 41,
        "INVALID": 0,
        "MALICIOUS": 0,
        "SANE": 0,
        "VALID": 0,
        "total": 471
    },
    "percentage": {
        "ACTIVE": 91.29511677282377,
        "INACTIVE": 8.72340425531915,
        "INVALID": 0,
        "MALICIOUS": 0,
        "SANE": 0,
        "VALID": 0,
        "total": 100.01852102814293
    }
}