{
    "counter": {
        "ACTIVE": 6879,
        "INACTIVE": 3322,
        "INVALID": 0,
        "MALICIOUS": 0,
        "SANE": 0,
        "VALID": 0,
        "total": 10201
    },
    "percentage": {
        "ACTIVE": 67.44117647058823,
        "INACTIVE": 32.565434761297915,
        "INVALID": 0,
        "MALICIOUS": 0,
        "SANE": 0,
        "VALID": 0,
        "total": 100.00661123188615
    }
}