{
    "counter": {
        "ACTIVE": 3876,
        "INACTIVE": 1706,
        "INVALID": 0,
        "MALICIOUS": 0,
        "SANE": 0,
        "VALID": 0,
        "total": 5582
    },
    "percentage": {
        "ACTIVE": 69.47481627531816,
        "INACTIVE": 30.56252239340738,
        "INVALID": 0,
        "MALICIOUS": 0,
        "SANE": 0,
        "VALID": 0,
        "total": 100.03733866872554
    }
}