{
    "counter": {
        "ACTIVE": 7715,
        "INACTIVE": 4291,
        "INVALID": 0,
        "MALICIOUS": 0,
        "SANE": 0,
        "VALID": 0,
        "total": 12006
    },
    "percentage": {
        "ACTIVE": 64.26488962932112,
        "INACTIVE": 35.74046310178244,
        "INVALID": 0,
        "MALICIOUS": 0,
        "SANE": 0,
        "VALID": 0,
        "total": 100.00535273110356
    }
}