{
    "counter": {
        "ACTIVE": 4902,
        "INACTIVE": 2401,
        "INVALID": 0,
        "MALICIOUS": 0,
        "SANE": 0,
        "VALID": 0,
        "total": 7303
    },
    "percentage": {
        "ACTIVE": 67.14148746747021,
        "INACTIVE": 32.87689990414898,
        "INVALID": 0,
        "MALICIOUS": 0,
        "SANE": 0,
        "VALID": 0,
        "total": 100.01838737161918
    }
}