{
    "counter": {
        "ACTIVE": 14106,
        "INACTIVE": 5352,
        "INVALID": 0,
        "MALICIOUS": 0,
        "SANE": 0,
        "VALID": 0,
        "total": 19458
    },
    "percentage": {
        "ACTIVE": 72.49460376194881,
        "INACTIVE": 27.653198305259895,
        "INVALID": 0,
        "MALICIOUS": 0,
        "SANE": 0,
        "VALID": 0,
        "total": 100.1478020672087
    }
}