{
    "counter": {
        "ACTIVE": 3729,
        "INACTIVE": 1467,
        "INVALID": 0,
        "MALICIOUS": 0,
        "SANE": 0,
        "VALID": 0,
        "total": 5196
    },
    "percentage": {
        "ACTIVE": 71.82203389830508,
        "INACTIVE": 28.233256351039262,
        "INVALID": 0,
        "MALICIOUS": 0,
        "SANE": 0,
        "VALID": 0,
        "total": 100.05529024934434
    }
}