{
    "counter": {
        "ACTIVE": 7120,
        "INACTIVE": 3598,
        "INVALID": 0,
        "MALICIOUS": 0,
        "SANE": 0,
        "VALID": 0,
        "total": 10718
    },
    "percentage": {
        "ACTIVE": 66.46751306945481,
        "INACTIVE": 33.56969583877589,
        "INVALID": 0,
        "MALICIOUS": 0,
        "SANE": 0,
        "VALID": 0,
        "total": 100.0372089082307
    }
}