{
    "counter": {
        "ACTIVE": 1933,
        "INACTIVE": 495,
        "INVALID": 0,
        "MALICIOUS": 0,
        "SANE": 0,
        "VALID": 0,
        "total": 2428
    },
    "percentage": {
        "ACTIVE": 79.6456530696333,
        "INACTIVE": 20.387149917627678,
        "INVALID": 0,
        "MALICIOUS": 0,
        "SANE": 0,
        "VALID": 0,
        "total": 100.03280298726098
    }
}