{
    "counter": {
        "ACTIVE": 11337,
        "INACTIVE": 4846,
        "INVALID": 0,
        "MALICIOUS": 0,
        "SANE": 0,
        "VALID": 0,
        "total": 16183
    },
    "percentage": {
        "ACTIVE": 70.05932517612162,
        "INACTIVE": 29.94500401656059,
        "INVALID": 0,
        "MALICIOUS": 0,
        "SANE": 0,
        "VALID": 0,
        "total": 100.0043291926822
    }
}