{
    "counter": {
        "ACTIVE": 13123,
        "INACTIVE": 5241,
        "INVALID": 0,
        "MALICIOUS": 0,
        "SANE": 0,
        "VALID": 0,
        "total": 18364
    },
    "percentage": {
        "ACTIVE": 71.46046612938358,
        "INACTIVE": 28.573765129211644,
        "INVALID": 0,
        "MALICIOUS": 0,
        "SANE": 0,
        "VALID": 0,
        "total": 100.03423125859521
    }
}