{
    "counter": {
        "ACTIVE": 14029,
        "INACTIVE": 5352,
        "INVALID": 0,
        "MALICIOUS": 0,
        "SANE": 0,
        "VALID": 0,
        "total": 19381
    },
    "percentage": {
        "ACTIVE": 72.38532583458026,
        "INACTIVE": 27.653198305259895,
        "INVALID": 0,
        "MALICIOUS": 0,
        "SANE": 0,
        "VALID": 0,
        "total": 100.03852413984015
    }
}