{
    "counter": {
        "ACTIVE": 7458,
        "INACTIVE": 4105,
        "INVALID": 0,
        "MALICIOUS": 0,
        "SANE": 0,
        "VALID": 0,
        "total": 11563
    },
    "percentage": {
        "ACTIVE": 64.50441100155682,
        "INACTIVE": 35.50116751708034,
        "INVALID": 0,
        "MALICIOUS": 0,
        "SANE": 0,
        "VALID": 0,
        "total": 100.00557851863715
    }
}