{
    "counter": {
        "ACTIVE": 1564,
        "INACTIVE": 346,
        "INVALID": 0,
        "MALICIOUS": 0,
        "SANE": 0,
        "VALID": 0,
        "total": 1910
    },
    "percentage": {
        "ACTIVE": 81.92771084337349,
        "INACTIVE": 18.115183246073297,
        "INVALID": 0,
        "MALICIOUS": 0,
        "SANE": 0,
        "VALID": 0,
        "total": 100.04289408944679
    }
}