{
    "counter": {
        "ACTIVE": 6429,
        "INACTIVE": 3143,
        "INVALID": 0,
        "MALICIOUS": 0,
        "SANE": 0,
        "VALID": 0,
        "total": 9572
    },
    "percentage": {
        "ACTIVE": 67.1716644028837,
        "INACTIVE": 32.83535311324697,
        "INVALID": 0,
        "MALICIOUS": 0,
        "SANE": 0,
        "VALID": 0,
        "total": 100.00701751613067
    }
}