{
    "counter": {
        "ACTIVE": 8462,
        "INACTIVE": 4365,
        "INVALID": 0,
        "MALICIOUS": 0,
        "SANE": 0,
        "VALID": 0,
        "total": 12827
    },
    "percentage": {
        "ACTIVE": 65.97021906915101,
        "INACTIVE": 34.05101802012638,
        "INVALID": 0,
        "MALICIOUS": 0,
        "SANE": 0,
        "VALID": 0,
        "total": 100.02123708927739
    }
}