{
    "counter": {
        "ACTIVE": 7343,
        "INACTIVE": 3874,
        "INVALID": 0,
        "MALICIOUS": 0,
        "SANE": 0,
        "VALID": 0,
        "total": 11217
    },
    "percentage": {
        "ACTIVE": 65.48064918851436,
        "INACTIVE": 34.536863689043415,
        "INVALID": 0,
        "MALICIOUS": 0,
        "SANE": 0,
        "VALID": 0,
        "total": 100.01751287755778
    }
}