{
    "counter": {
        "ACTIVE": 5540,
        "INACTIVE": 2698,
        "INVALID": 0,
        "MALICIOUS": 0,
        "SANE": 0,
        "VALID": 0,
        "total": 8238
    },
    "percentage": {
        "ACTIVE": 67.25749666140585,
        "INACTIVE": 32.75066763777616,
        "INVALID": 0,
        "MALICIOUS": 0,
        "SANE": 0,
        "VALID": 0,
        "total": 100.00816429918201
    }
}