{
    "counter": {
        "ACTIVE": 881,
        "INACTIVE": 91,
        "INVALID": 0,
        "MALICIOUS": 0,
        "SANE": 0,
        "VALID": 0,
        "total": 972
    },
    "percentage": {
        "ACTIVE": 90.73120494335737,
        "INACTIVE": 9.362139917695472,
        "INVALID": 0,
        "MALICIOUS": 0,
        "SANE": 0,
        "VALID": 0,
        "total": 100.09334486105284
    }
}