{
    "counter": {
        "ACTIVE": 12429,
        "INACTIVE": 5123,
        "INVALID": 0,
        "MALICIOUS": 0,
        "SANE": 0,
        "VALID": 0,
        "total": 17552
    },
    "percentage": {
        "ACTIVE": 70.81244302643573,
        "INACTIVE": 29.200866393068857,
        "INVALID": 0,
        "MALICIOUS": 0,
        "SANE": 0,
        "VALID": 0,
        "total": 100.0133094195046
    }
}