{
    "counter": {
        "ACTIVE": 3218,
        "INACTIVE": 1118,
        "INVALID": 0,
        "MALICIOUS": 0,
        "SANE": 0,
        "VALID": 0,
        "total": 4336
    },
    "percentage": {
        "ACTIVE": 74.21586715867159,
        "INACTIVE": 25.801984768059082,
        "INVALID": 0,
        "MALICIOUS": 0,
        "SANE": 0,
        "VALID": 0,
        "total": 100.01785192673067
    }
}