{
    "counter": {
        "ACTIVE": 2291,
        "INACTIVE": 625,
        "INVALID": 0,
        "MALICIOUS": 0,
        "SANE": 0,
        "VALID": 0,
        "total": 2916
    },
    "percentage": {
        "ACTIVE": 78.59348198970841,
        "INACTIVE": 21.43347050754458,
        "INVALID": 0,
        "MALICIOUS": 0,
        "SANE": 0,
        "VALID": 0,
        "total": 100.02695249725299
    }
}