{
    "counter": {
        "ACTIVE": 3083,
        "INACTIVE": 1026,
        "INVALID": 0,
        "MALICIOUS": 0,
        "SANE": 0,
        "VALID": 0,
        "total": 4109
    },
    "percentage": {
        "ACTIVE": 75.04868549172346,
        "INACTIVE": 24.969578972986127,
        "INVALID": 0,
        "MALICIOUS": 0,
        "SANE": 0,
        "VALID": 0,
        "total": 100.01826446470959
    }
}