{
    "counter": {
        "ACTIVE": 10020,
        "INACTIVE": 4630,
        "INVALID": 0,
        "MALICIOUS": 0,
        "SANE": 0,
        "VALID": 0,
        "total": 14650
    },
    "percentage": {
        "ACTIVE": 68.40057341798075,
        "INACTIVE": 31.604095563139932,
        "INVALID": 0,
        "MALICIOUS": 0,
        "SANE": 0,
        "VALID": 0,
        "total": 100.00466898112069
    }
}