{
    "counter": {
        "ACTIVE": 11490,
        "INACTIVE": 4879,
        "INVALID": 0,
        "MALICIOUS": 0,
        "SANE": 0,
        "VALID": 0,
        "total": 16369
    },
    "percentage": {
        "ACTIVE": 70.20223620700189,
        "INACTIVE": 29.806341254810924,
        "INVALID": 0,
        "MALICIOUS": 0,
        "SANE": 0,
        "VALID": 0,
        "total": 100.00857746181282
    }
}