{
    "counter": {
        "ACTIVE": 7365,
        "INACTIVE": 3945,
        "INVALID": 0,
        "MALICIOUS": 0,
        "SANE": 0,
        "VALID": 0,
        "total": 11310
    },
    "percentage": {
        "ACTIVE": 65.12512158457865,
        "INACTIVE": 34.88063660477454,
        "INVALID": 0,
        "MALICIOUS": 0,
        "SANE": 0,
        "VALID": 0,
        "total": 100.00575818935319
    }
}