{
    "counter": {
        "ACTIVE": 12331,
        "INACTIVE": 5088,
        "INVALID": 0,
        "MALICIOUS": 0,
        "SANE": 0,
        "VALID": 0,
        "total": 17419
    },
    "percentage": {
        "ACTIVE": 70.79458031921001,
        "INACTIVE": 29.209483896894195,
        "INVALID": 0,
        "MALICIOUS": 0,
        "SANE": 0,
        "VALID": 0,
        "total": 100.00406421610421
    }
}