{
    "counter": {
        "ACTIVE": 11191,
        "INACTIVE": 4824,
        "INVALID": 0,
        "MALICIOUS": 0,
        "SANE": 0,
        "VALID": 0,
        "total": 16015
    },
    "percentage": {
        "ACTIVE": 69.8826027226177,
        "INACTIVE": 30.12176084920387,
        "INVALID": 0,
        "MALICIOUS": 0,
        "SANE": 0,
        "VALID": 0,
        "total": 100.00436357182157
    }
}