{
    "counter": {
        "ACTIVE": 2607,
        "INACTIVE": 795,
        "INVALID": 0,
        "MALICIOUS": 0,
        "SANE": 0,
        "VALID": 0,
        "total": 3402
    },
    "percentage": {
        "ACTIVE": 76.69902912621359,
        "INACTIVE": 23.368606701940035,
        "INVALID": 0,
        "MALICIOUS": 0,
        "SANE": 0,
        "VALID": 0,
        "total": 100.06763582815363
    }
}