{
    "counter": {
        "ACTIVE": 13978,
        "INACTIVE": 5343,
        "INVALID": 0,
        "MALICIOUS": 0,
        "SANE": 0,
        "VALID": 0,
        "total": 19321
    },
    "percentage": {
        "ACTIVE": 72.34615185549403,
        "INACTIVE": 27.70116134384073,
        "INVALID": 0,
        "MALICIOUS": 0,
        "SANE": 0,
        "VALID": 0,
        "total": 100.04731319933475
    }
}