{
    "counter": {
        "ACTIVE": 10703,
        "INACTIVE": 4739,
        "INVALID": 0,
        "MALICIOUS": 0,
        "SANE": 0,
        "VALID": 0,
        "total": 15442
    },
    "percentage": {
        "ACTIVE": 69.31545884333916,
        "INACTIVE": 30.68902991840435,
        "INVALID": 0,
        "MALICIOUS": 0,
        "SANE": 0,
        "VALID": 0,
        "total": 100.00448876174352
    }
}