{
    "counter": {
        "ACTIVE": 12764,
        "INACTIVE": 5210,
        "INVALID": 0,
        "MALICIOUS": 0,
        "SANE": 0,
        "VALID": 0,
        "total": 17974
    },
    "percentage": {
        "ACTIVE": 71.01368643596305,
        "INACTIVE": 29.033156868208415,
        "INVALID": 0,
        "MALICIOUS": 0,
        "SANE": 0,
        "VALID": 0,
        "total": 100.04684330417146
    }
}