{
    "counter": {
        "ACTIVE": 6886,
        "INACTIVE": 3334,
        "INVALID": 0,
        "MALICIOUS": 0,
        "SANE": 0,
        "VALID": 0,
        "total": 10220
    },
    "percentage": {
        "ACTIVE": 67.41067058247675,
        "INACTIVE": 32.62230919765166,
        "INVALID": 0,
        "MALICIOUS": 0,
        "SANE": 0,
        "VALID": 0,
        "total": 100.03297978012841
    }
}