{
    "counter": {
        "ACTIVE": 6490,
        "INACTIVE": 3167,
        "INVALID": 0,
        "MALICIOUS": 0,
        "SANE": 0,
        "VALID": 0,
        "total": 9657
    },
    "percentage": {
        "ACTIVE": 67.23298456438413,
        "INACTIVE": 32.79486382934659,
        "INVALID": 0,
        "MALICIOUS": 0,
        "SANE": 0,
        "VALID": 0,
        "total": 100.02784839373072
    }
}