{
    "counter": {
        "ACTIVE": 5637,
        "INACTIVE": 2865,
        "INVALID": 0,
        "MALICIOUS": 0,
        "SANE": 0,
        "VALID": 0,
        "total": 8502
    },
    "percentage": {
        "ACTIVE": 66.3098459004823,
        "INACTIVE": 33.69795342272406,
        "INVALID": 0,
        "MALICIOUS": 0,
        "SANE": 0,
        "VALID": 0,
        "total": 100.00779932320637
    }
}