{
    "counter": {
        "ACTIVE": 7089,
        "INACTIVE": 3506,
        "INVALID": 0,
        "MALICIOUS": 0,
        "SANE": 0,
        "VALID": 0,
        "total": 10595
    },
    "percentage": {
        "ACTIVE": 66.91523503870116,
        "INACTIVE": 33.09108069844266,
        "INVALID": 0,
        "MALICIOUS": 0,
        "SANE": 0,
        "VALID": 0,
        "total": 100.00631573714381
    }
}