{
    "counter": {
        "ACTIVE": 12181,
        "INACTIVE": 5015,
        "INVALID": 0,
        "MALICIOUS": 0,
        "SANE": 0,
        "VALID": 0,
        "total": 17196
    },
    "percentage": {
        "ACTIVE": 70.84036056993313,
        "INACTIVE": 29.16375901372412,
        "INVALID": 0,
        "MALICIOUS": 0,
        "SANE": 0,
        "VALID": 0,
        "total": 100.00411958365724
    }
}