{
    "counter": {
        "ACTIVE": 7422,
        "INACTIVE": 4034,
        "INVALID": 0,
        "MALICIOUS": 0,
        "SANE": 0,
        "VALID": 0,
        "total": 11456
    },
    "percentage": {
        "ACTIVE": 64.82096069868996,
        "INACTIVE": 35.21298882681564,
        "INVALID": 0,
        "MALICIOUS": 0,
        "SANE": 0,
        "VALID": 0,
        "total": 100.03394952550559
    }
}