{
    "counter": {
        "ACTIVE": 4389,
        "INACTIVE": 2089,
        "INVALID": 0,
        "MALICIOUS": 0,
        "SANE": 0,
        "VALID": 0,
        "total": 6478
    },
    "percentage": {
        "ACTIVE": 67.76285317276516,
        "INACTIVE": 32.24760728619945,
        "INVALID": 0,
        "MALICIOUS": 0,
        "SANE": 0,
        "VALID": 0,
        "total": 100.01046045896462
    }
}