{
    "counter": {
        "ACTIVE": 3374,
        "INACTIVE": 1218,
        "INVALID": 0,
        "MALICIOUS": 0,
        "SANE": 0,
        "VALID": 0,
        "total": 4592
    },
    "percentage": {
        "ACTIVE": 73.50762527233115,
        "INACTIVE": 26.524390243902438,
        "INVALID": 0,
        "MALICIOUS": 0,
        "SANE": 0,
        "VALID": 0,
        "total": 100.0320155162336
    }
}