{
    "counter": {
        "ACTIVE": 9636,
        "INACTIVE": 4565,
        "INVALID": 0,
        "MALICIOUS": 0,
        "SANE": 0,
        "VALID": 0,
        "total": 14201
    },
    "percentage": {
        "ACTIVE": 67.85915492957747,
        "INACTIVE": 32.14562354763749,
        "INVALID": 0,
        "MALICIOUS": 0,
        "SANE": 0,
        "VALID": 0,
        "total": 100.00477847721496
    }
}