{
    "counter": {
        "ACTIVE": 2776,
        "INACTIVE": 882,
        "INVALID": 0,
        "MALICIOUS": 0,
        "SANE": 0,
        "VALID": 0,
        "total": 3658
    },
    "percentage": {
        "ACTIVE": 75.92997811816193,
        "INACTIVE": 24.111536358665937,
        "INVALID": 0,
        "MALICIOUS": 0,
        "SANE": 0,
        "VALID": 0,
        "total": 100.04151447682787
    }
}