{
    "counter": {
        "ACTIVE": 4247,
        "INACTIVE": 2043,
        "INVALID": 0,
        "MALICIOUS": 0,
        "SANE": 0,
        "VALID": 0,
        "total": 6290
    },
    "percentage": {
        "ACTIVE": 67.54134860050891,
        "INACTIVE": 32.48012718600954,
        "INVALID": 0,
        "MALICIOUS": 0,
        "SANE": 0,
        "VALID": 0,
        "total": 100.02147578651845
    }
}