{
    "counter": {
        "ACTIVE": 9498,
        "INACTIVE": 4542,
        "INVALID": 0,
        "MALICIOUS": 0,
        "SANE": 0,
        "VALID": 0,
        "total": 14040
    },
    "percentage": {
        "ACTIVE": 67.65439133841441,
        "INACTIVE": 32.35042735042735,
        "INVALID": 0,
        "MALICIOUS": 0,
        "SANE": 0,
        "VALID": 0,
        "total": 100.00481868884177
    }
}