{
    "counter": {
        "ACTIVE": 5543,
        "INACTIVE": 2710,
        "INVALID": 0,
        "MALICIOUS": 0,
        "SANE": 0,
        "VALID": 0,
        "total": 8253
    },
    "percentage": {
        "ACTIVE": 67.22862340812614,
        "INACTIVE": 32.836544286925964,
        "INVALID": 0,
        "MALICIOUS": 0,
        "SANE": 0,
        "VALID": 0,
        "total": 100.06516769505211
    }
}