{
    "counter": {
        "ACTIVE": 4164,
        "INACTIVE": 1951,
        "INVALID": 0,
        "MALICIOUS": 0,
        "SANE": 0,
        "VALID": 0,
        "total": 6115
    },
    "percentage": {
        "ACTIVE": 68.1282722513089,
        "INACTIVE": 31.905151267375306,
        "INVALID": 0,
        "MALICIOUS": 0,
        "SANE": 0,
        "VALID": 0,
        "total": 100.0334235186842
    }
}