{
    "counter": {
        "ACTIVE": 5557,
        "INACTIVE": 2749,
        "INVALID": 0,
        "MALICIOUS": 0,
        "SANE": 0,
        "VALID": 0,
        "total": 8306
    },
    "percentage": {
        "ACTIVE": 66.91955684007708,
        "INACTIVE": 33.09655670599567,
        "INVALID": 0,
        "MALICIOUS": 0,
        "SANE": 0,
        "VALID": 0,
        "total": 100.01611354607275
    }
}