{
    "counter": {
        "ACTIVE": 13315,
        "INACTIVE": 5256,
        "INVALID": 0,
        "MALICIOUS": 0,
        "SANE": 0,
        "VALID": 0,
        "total": 18571
    },
    "percentage": {
        "ACTIVE": 71.70166935918148,
        "INACTIVE": 28.30219158903667,
        "INVALID": 0,
        "MALICIOUS": 0,
        "SANE": 0,
        "VALID": 0,
        "total": 100.00386094821815
    }
}