{
    "counter": {
        "ACTIVE": 1997,
        "INACTIVE": 520,
        "INVALID": 0,
        "MALICIOUS": 0,
        "SANE": 0,
        "VALID": 0,
        "total": 2517
    },
    "percentage": {
        "ACTIVE": 79.34048470401271,
        "INACTIVE": 20.766773162939298,
        "INVALID": 0,
        "MALICIOUS": 0,
        "SANE": 0,
        "VALID": 0,
        "total": 100.10725786695201
    }
}