{
    "counter": {
        "ACTIVE": 4934,
        "INACTIVE": 2440,
        "INVALID": 0,
        "MALICIOUS": 0,
        "SANE": 0,
        "VALID": 0,
        "total": 7374
    },
    "percentage": {
        "ACTIVE": 66.95616772967838,
        "INACTIVE": 33.08923243829672,
        "INVALID": 0,
        "MALICIOUS": 0,
        "SANE": 0,
        "VALID": 0,
        "total": 100.0454001679751
    }
}