{
    "counter": {
        "ACTIVE": 9853,
        "INACTIVE": 4597,
        "INVALID": 0,
        "MALICIOUS": 0,
        "SANE": 0,
        "VALID": 0,
        "total": 14450
    },
    "percentage": {
        "ACTIVE": 68.19157035088934,
        "INACTIVE": 31.813148788927336,
        "INVALID": 0,
        "MALICIOUS": 0,
        "SANE": 0,
        "VALID": 0,
        "total": 100.00471913981667
    }
}