{
    "counter": {
        "ACTIVE": 4330,
        "INACTIVE": 2067,
        "INVALID": 0,
        "MALICIOUS": 0,
        "SANE": 0,
        "VALID": 0,
        "total": 6397
    },
    "percentage": {
        "ACTIVE": 67.79395647408799,
        "INACTIVE": 32.31202125996561,
        "INVALID": 0,
        "MALICIOUS": 0,
        "SANE": 0,
        "VALID": 0,
        "total": 100.1059777340536
    }
}