{
    "counter": {
        "ACTIVE": 1808,
        "INACTIVE": 442,
        "INVALID": 0,
        "MALICIOUS": 0,
        "SANE": 0,
        "VALID": 0,
        "total": 2250
    },
    "percentage": {
        "ACTIVE": 80.49866429207479,
        "INACTIVE": 19.644444444444446,
        "INVALID": 0,
        "MALICIOUS": 0,
        "SANE": 0,
        "VALID": 0,
        "total": 100.14310873651924
    }
}