{
    "counter": {
        "ACTIVE": 12623,
        "INACTIVE": 5196,
        "INVALID": 0,
        "MALICIOUS": 0,
        "SANE": 0,
        "VALID": 0,
        "total": 17819
    },
    "percentage": {
        "ACTIVE": 70.84011448453897,
        "INACTIVE": 29.16970751698198,
        "INVALID": 0,
        "MALICIOUS": 0,
        "SANE": 0,
        "VALID": 0,
        "total": 100.00982200152094
    }
}