{
    "counter": {
        "ACTIVE": 1720,
        "INACTIVE": 402,
        "INVALID": 0,
        "MALICIOUS": 0,
        "SANE": 0,
        "VALID": 0,
        "total": 2122
    },
    "percentage": {
        "ACTIVE": 81.0938236680811,
        "INACTIVE": 18.944392082940624,
        "INVALID": 0,
        "MALICIOUS": 0,
        "SANE": 0,
        "VALID": 0,
        "total": 100.03821575102172
    }
}