{
    "counter": {
        "ACTIVE": 4149,
        "INACTIVE": 1923,
        "INVALID": 0,
        "MALICIOUS": 0,
        "SANE": 0,
        "VALID": 0,
        "total": 6072
    },
    "percentage": {
        "ACTIVE": 68.35255354200989,
        "INACTIVE": 31.6699604743083,
        "INVALID": 0,
        "MALICIOUS": 0,
        "SANE": 0,
        "VALID": 0,
        "total": 100.02251401631818
    }
}