{
    "counter": {
        "ACTIVE": 8454,
        "INACTIVE": 4365,
        "INVALID": 0,
        "MALICIOUS": 0,
        "SANE": 0,
        "VALID": 0,
        "total": 12819
    },
    "percentage": {
        "ACTIVE": 65.95412700889375,
        "INACTIVE": 34.05101802012638,
        "INVALID": 0,
        "MALICIOUS": 0,
        "SANE": 0,
        "VALID": 0,
        "total": 100.00514502902013
    }
}