{
    "counter": {
        "ACTIVE": 12194,
        "INACTIVE": 5028,
        "INVALID": 0,
        "MALICIOUS": 0,
        "SANE": 0,
        "VALID": 0,
        "total": 17222
    },
    "percentage": {
        "ACTIVE": 70.80889611520817,
        "INACTIVE": 29.195215422134478,
        "INVALID": 0,
        "MALICIOUS": 0,
        "SANE": 0,
        "VALID": 0,
        "total": 100.00411153734265
    }
}