{
    "counter": {
        "ACTIVE": 548,
        "INACTIVE": 57,
        "INVALID": 0,
        "MALICIOUS": 0,
        "SANE": 0,
        "VALID": 0,
        "total": 605
    },
    "percentage": {
        "ACTIVE": 90.72847682119205,
        "INACTIVE": 9.421487603305785,
        "INVALID": 0,
        "MALICIOUS": 0,
        "SANE": 0,
        "VALID": 0,
        "total": 100.14996442449782
    }
}