{
    "counter": {
        "ACTIVE": 5128,
        "INACTIVE": 2538,
        "INVALID": 0,
        "MALICIOUS": 0,
        "SANE": 0,
        "VALID": 0,
        "total": 7666
    },
    "percentage": {
        "ACTIVE": 66.90150032615786,
        "INACTIVE": 33.10722671536655,
        "INVALID": 0,
        "MALICIOUS": 0,
        "SANE": 0,
        "VALID": 0,
        "total": 100.00872704152441
    }
}