{
    "counter": {
        "ACTIVE": 6800,
        "INACTIVE": 3253,
        "INVALID": 0,
        "MALICIOUS": 0,
        "SANE": 0,
        "VALID": 0,
        "total": 10053
    },
    "percentage": {
        "ACTIVE": 67.65495970550194,
        "INACTIVE": 32.3584999502636,
        "INVALID": 0,
        "MALICIOUS": 0,
        "SANE": 0,
        "VALID": 0,
        "total": 100.01345965576553
    }
}