{
    "counter": {
        "ACTIVE": 4915,
        "INACTIVE": 2414,
        "INVALID": 0,
        "MALICIOUS": 0,
        "SANE": 0,
        "VALID": 0,
        "total": 7329
    },
    "percentage": {
        "ACTIVE": 67.07150655021834,
        "INACTIVE": 32.93764497202893,
        "INVALID": 0,
        "MALICIOUS": 0,
        "SANE": 0,
        "VALID": 0,
        "total": 100.00915152224727
    }
}