{
    "counter": {
        "ACTIVE": 4993,
        "INACTIVE": 2465,
        "INVALID": 0,
        "MALICIOUS": 0,
        "SANE": 0,
        "VALID": 0,
        "total": 7458
    },
    "percentage": {
        "ACTIVE": 66.95722140270887,
        "INACTIVE": 33.051756503083936,
        "INVALID": 0,
        "MALICIOUS": 0,
        "SANE": 0,
        "VALID": 0,
        "total": 100.0089779057928
    }
}