{
    "counter": {
        "ACTIVE": 6162,
        "INACTIVE": 3071,
        "INVALID": 0,
        "MALICIOUS": 0,
        "SANE": 0,
        "VALID": 0,
        "total": 9233
    },
    "percentage": {
        "ACTIVE": 66.74610051993068,
        "INACTIVE": 33.261128560597854,
        "INVALID": 0,
        "MALICIOUS": 0,
        "SANE": 0,
        "VALID": 0,
        "total": 100.00722908052853
    }
}