{
    "counter": {
        "ACTIVE": 10166,
        "INACTIVE": 4650,
        "INVALID": 0,
        "MALICIOUS": 0,
        "SANE": 0,
        "VALID": 0,
        "total": 14816
    },
    "percentage": {
        "ACTIVE": 68.62427433508843,
        "INACTIVE": 31.38498920086393,
        "INVALID": 0,
        "MALICIOUS": 0,
        "SANE": 0,
        "VALID": 0,
        "total": 100.00926353595236
    }
}