{
    "counter": {
        "ACTIVE": 3555,
        "INACTIVE": 1302,
        "INVALID": 0,
        "MALICIOUS": 0,
        "SANE": 0,
        "VALID": 0,
        "total": 4857
    },
    "percentage": {
        "ACTIVE": 73.22348094747683,
        "INACTIVE": 26.806670784434836,
        "INVALID": 0,
        "MALICIOUS": 0,
        "SANE": 0,
        "VALID": 0,
        "total": 100.03015173191167
    }
}