{
    "counter": {
        "ACTIVE": 10614,
        "INACTIVE": 4730,
        "INVALID": 0,
        "MALICIOUS": 0,
        "SANE": 0,
        "VALID": 0,
        "total": 15344
    },
    "percentage": {
        "ACTIVE": 69.1781268330835,
        "INACTIVE": 30.826381647549532,
        "INVALID": 0,
        "MALICIOUS": 0,
        "SANE": 0,
        "VALID": 0,
        "total": 100.00450848063304
    }
}