{
    "counter": {
        "ACTIVE": 1831,
        "INACTIVE": 456,
        "INVALID": 0,
        "MALICIOUS": 0,
        "SANE": 0,
        "VALID": 0,
        "total": 2287
    },
    "percentage": {
        "ACTIVE": 80.13129102844638,
        "INACTIVE": 19.938784433756013,
        "INVALID": 0,
        "MALICIOUS": 0,
        "SANE": 0,
        "VALID": 0,
        "total": 100.0700754622024
    }
}