{
    "counter": {
        "ACTIVE": 9500,
        "INACTIVE": 4542,
        "INVALID": 0,
        "MALICIOUS": 0,
        "SANE": 0,
        "VALID": 0,
        "total": 14042
    },
    "percentage": {
        "ACTIVE": 67.65418031619427,
        "INACTIVE": 32.35042735042735,
        "INVALID": 0,
        "MALICIOUS": 0,
        "SANE": 0,
        "VALID": 0,
        "total": 100.00460766662162
    }
}