{
    "counter": {
        "ACTIVE": 12715,
        "INACTIVE": 5201,
        "INVALID": 0,
        "MALICIOUS": 0,
        "SANE": 0,
        "VALID": 0,
        "total": 17916
    },
    "percentage": {
        "ACTIVE": 70.97008260772493,
        "INACTIVE": 29.080234833659492,
        "INVALID": 0,
        "MALICIOUS": 0,
        "SANE": 0,
        "VALID": 0,
        "total": 100.05031744138442
    }
}