{
    "counter": {
        "ACTIVE": 5079,
        "INACTIVE": 2515,
        "INVALID": 0,
        "MALICIOUS": 0,
        "SANE": 0,
        "VALID": 0,
        "total": 7594
    },
    "percentage": {
        "ACTIVE": 66.89936775553214,
        "INACTIVE": 33.11825125098762,
        "INVALID": 0,
        "MALICIOUS": 0,
        "SANE": 0,
        "VALID": 0,
        "total": 100.01761900651977
    }
}