{
    "counter": {
        "ACTIVE": 9365,
        "INACTIVE": 4511,
        "INVALID": 0,
        "MALICIOUS": 0,
        "SANE": 0,
        "VALID": 0,
        "total": 13876
    },
    "percentage": {
        "ACTIVE": 67.49549549549549,
        "INACTIVE": 32.50936869414817,
        "INVALID": 0,
        "MALICIOUS": 0,
        "SANE": 0,
        "VALID": 0,
        "total": 100.00486418964365
    }
}