{
    "counter": {
        "ACTIVE": 7094,
        "INACTIVE": 3532,
        "INVALID": 0,
        "MALICIOUS": 0,
        "SANE": 0,
        "VALID": 0,
        "total": 10626
    },
    "percentage": {
        "ACTIVE": 66.79220412390546,
        "INACTIVE": 33.23922454357237,
        "INVALID": 0,
        "MALICIOUS": 0,
        "SANE": 0,
        "VALID": 0,
        "total": 100.03142866747783
    }
}