{
    "counter": {
        "ACTIVE": 6241,
        "INACTIVE": 3108,
        "INVALID": 0,
        "MALICIOUS": 0,
        "SANE": 0,
        "VALID": 0,
        "total": 9349
    },
    "percentage": {
        "ACTIVE": 66.78437667201712,
        "INACTIVE": 33.24419724034656,
        "INVALID": 0,
        "MALICIOUS": 0,
        "SANE": 0,
        "VALID": 0,
        "total": 100.02857391236367
    }
}