{
    "counter": {
        "ACTIVE": 8465,
        "INACTIVE": 4366,
        "INVALID": 0,
        "MALICIOUS": 0,
        "SANE": 0,
        "VALID": 0,
        "total": 12831
    },
    "percentage": {
        "ACTIVE": 65.97303405814044,
        "INACTIVE": 34.03227063683841,
        "INVALID": 0,
        "MALICIOUS": 0,
        "SANE": 0,
        "VALID": 0,
        "total": 100.00530469497886
    }
}