{
    "counter": {
        "ACTIVE": 7121,
        "INACTIVE": 3611,
        "INVALID": 0,
        "MALICIOUS": 0,
        "SANE": 0,
        "VALID": 0,
        "total": 10732
    },
    "percentage": {
        "ACTIVE": 66.35296310100634,
        "INACTIVE": 33.650172397726216,
        "INVALID": 0,
        "MALICIOUS": 0,
        "SANE": 0,
        "VALID": 0,
        "total": 100.00313549873255
    }
}