{
    "counter": {
        "ACTIVE": 9319,
        "INACTIVE": 4501,
        "INVALID": 0,
        "MALICIOUS": 0,
        "SANE": 0,
        "VALID": 0,
        "total": 13820
    },
    "percentage": {
        "ACTIVE": 67.43613864968522,
        "INACTIVE": 32.56874095513748,
        "INVALID": 0,
        "MALICIOUS": 0,
        "SANE": 0,
        "VALID": 0,
        "total": 100.00487960482269
    }
}