{
    "counter": {
        "ACTIVE": 12124,
        "INACTIVE": 4992,
        "INVALID": 0,
        "MALICIOUS": 0,
        "SANE": 0,
        "VALID": 0,
        "total": 17116
    },
    "percentage": {
        "ACTIVE": 70.83844580777097,
        "INACTIVE": 29.165692918906288,
        "INVALID": 0,
        "MALICIOUS": 0,
        "SANE": 0,
        "VALID": 0,
        "total": 100.00413872667725
    }
}