{
    "counter": {
        "ACTIVE": 3828,
        "INACTIVE": 1602,
        "INVALID": 0,
        "MALICIOUS": 0,
        "SANE": 0,
        "VALID": 0,
        "total": 5430
    },
    "percentage": {
        "ACTIVE": 70.5232129697863,
        "INACTIVE": 29.502762430939228,
        "INVALID": 0,
        "MALICIOUS": 0,
        "SANE": 0,
        "VALID": 0,
        "total": 100.02597540072553
    }
}