{
    "counter": {
        "ACTIVE": 4209,
        "INACTIVE": 1989,
        "INVALID": 0,
        "MALICIOUS": 0,
        "SANE": 0,
        "VALID": 0,
        "total": 6198
    },
    "percentage": {
        "ACTIVE": 67.91996127158302,
        "INACTIVE": 32.090997095837366,
        "INVALID": 0,
        "MALICIOUS": 0,
        "SANE": 0,
        "VALID": 0,
        "total": 100.01095836742039
    }
}