{
    "counter": {
        "ACTIVE": 12384,
        "INACTIVE": 5112,
        "INVALID": 0,
        "MALICIOUS": 0,
        "SANE": 0,
        "VALID": 0,
        "total": 17496
    },
    "percentage": {
        "ACTIVE": 70.78593883966847,
        "INACTIVE": 29.218106995884774,
        "INVALID": 0,
        "MALICIOUS": 0,
        "SANE": 0,
        "VALID": 0,
        "total": 100.00404583555326
    }
}