{
    "counter": {
        "ACTIVE": 4446,
        "INACTIVE": 2112,
        "INVALID": 0,
        "MALICIOUS": 0,
        "SANE": 0,
        "VALID": 0,
        "total": 6558
    },
    "percentage": {
        "ACTIVE": 67.8157413056742,
        "INACTIVE": 32.20494053064959,
        "INVALID": 0,
        "MALICIOUS": 0,
        "SANE": 0,
        "VALID": 0,
        "total": 100.02068183632377
    }
}