{
    "counter": {
        "ACTIVE": 6868,
        "INACTIVE": 3307,
        "INVALID": 0,
        "MALICIOUS": 0,
        "SANE": 0,
        "VALID": 0,
        "total": 10175
    },
    "percentage": {
        "ACTIVE": 67.51204167895409,
        "INACTIVE": 32.5012285012285,
        "INVALID": 0,
        "MALICIOUS": 0,
        "SANE": 0,
        "VALID": 0,
        "total": 100.01327018018259
    }
}