{
    "counter": {
        "ACTIVE": 7353,
        "INACTIVE": 3913,
        "INVALID": 0,
        "MALICIOUS": 0,
        "SANE": 0,
        "VALID": 0,
        "total": 11266
    },
    "percentage": {
        "ACTIVE": 65.296154870793,
        "INACTIVE": 34.732824427480914,
        "INVALID": 0,
        "MALICIOUS": 0,
        "SANE": 0,
        "VALID": 0,
        "total": 100.02897929827392
    }
}