{
    "counter": {
        "ACTIVE": 3979,
        "INACTIVE": 1849,
        "INVALID": 0,
        "MALICIOUS": 0,
        "SANE": 0,
        "VALID": 0,
        "total": 5828
    },
    "percentage": {
        "ACTIVE": 68.39119972499141,
        "INACTIVE": 31.72614962251201,
        "INVALID": 0,
        "MALICIOUS": 0,
        "SANE": 0,
        "VALID": 0,
        "total": 100.11734934750342
    }
}