{
    "counter": {
        "ACTIVE": 8884,
        "INACTIVE": 4428,
        "INVALID": 0,
        "MALICIOUS": 0,
        "SANE": 0,
        "VALID": 0,
        "total": 13312
    },
    "percentage": {
        "ACTIVE": 66.74179250244158,
        "INACTIVE": 33.26322115384615,
        "INVALID": 0,
        "MALICIOUS": 0,
        "SANE": 0,
        "VALID": 0,
        "total": 100.00501365628773
    }
}