{
    "counter": {
        "ACTIVE": 12672,
        "INACTIVE": 5200,
        "INVALID": 0,
        "MALICIOUS": 0,
        "SANE": 0,
        "VALID": 0,
        "total": 17872
    },
    "percentage": {
        "ACTIVE": 70.90420769919427,
        "INACTIVE": 29.146348298862172,
        "INVALID": 0,
        "MALICIOUS": 0,
        "SANE": 0,
        "VALID": 0,
        "total": 100.05055599805644
    }
}