{
    "counter": {
        "ACTIVE": 921,
        "INACTIVE": 107,
        "INVALID": 0,
        "MALICIOUS": 0,
        "SANE": 0,
        "VALID": 0,
        "total": 1028
    },
    "percentage": {
        "ACTIVE": 89.67867575462512,
        "INACTIVE": 10.408560311284047,
        "INVALID": 0,
        "MALICIOUS": 0,
        "SANE": 0,
        "VALID": 0,
        "total": 100.08723606590917
    }
}