{
    "counter": {
        "ACTIVE": 10529,
        "INACTIVE": 4720,
        "INVALID": 0,
        "MALICIOUS": 0,
        "SANE": 0,
        "VALID": 0,
        "total": 15249
    },
    "percentage": {
        "ACTIVE": 69.05620777857939,
        "INACTIVE": 30.952849367171616,
        "INVALID": 0,
        "MALICIOUS": 0,
        "SANE": 0,
        "VALID": 0,
        "total": 100.009057145751
    }
}