{
    "counter": {
        "ACTIVE": 13908,
        "INACTIVE": 5338,
        "INVALID": 0,
        "MALICIOUS": 0,
        "SANE": 0,
        "VALID": 0,
        "total": 19246
    },
    "percentage": {
        "ACTIVE": 72.26436662163566,
        "INACTIVE": 27.7991875846266,
        "INVALID": 0,
        "MALICIOUS": 0,
        "SANE": 0,
        "VALID": 0,
        "total": 100.06355420626227
    }
}