{
    "counter": {
        "ACTIVE": 14187,
        "INACTIVE": 5354,
        "INVALID": 0,
        "MALICIOUS": 0,
        "SANE": 0,
        "VALID": 0,
        "total": 19541
    },
    "percentage": {
        "ACTIVE": 72.60119748221688,
        "INACTIVE": 27.50295371654595,
        "INVALID": 0,
        "MALICIOUS": 0,
        "SANE": 0,
        "VALID": 0,
        "total": 100.10415119876282
    }
}