{
    "counter": {
        "ACTIVE": 2913,
        "INACTIVE": 930,
        "INVALID": 0,
        "MALICIOUS": 0,
        "SANE": 0,
        "VALID": 0,
        "total": 3843
    },
    "percentage": {
        "ACTIVE": 75.81988547631443,
        "INACTIVE": 24.19984387197502,
        "INVALID": 0,
        "MALICIOUS": 0,
        "SANE": 0,
        "VALID": 0,
        "total": 100.01972934828945
    }
}