{
    "counter": {
        "ACTIVE": 5269,
        "INACTIVE": 2600,
        "INVALID": 0,
        "MALICIOUS": 0,
        "SANE": 0,
        "VALID": 0,
        "total": 7869
    },
    "percentage": {
        "ACTIVE": 66.96746314184037,
        "INACTIVE": 33.04104714703266,
        "INVALID": 0,
        "MALICIOUS": 0,
        "SANE": 0,
        "VALID": 0,
        "total": 100.00851028887303
    }
}