{
    "counter": {
        "ACTIVE": 11462,
        "INACTIVE": 4867,
        "INVALID": 0,
        "MALICIOUS": 0,
        "SANE": 0,
        "VALID": 0,
        "total": 16329
    },
    "percentage": {
        "ACTIVE": 70.20273167146445,
        "INACTIVE": 29.805866862637025,
        "INVALID": 0,
        "MALICIOUS": 0,
        "SANE": 0,
        "VALID": 0,
        "total": 100.00859853410148
    }
}