{
    "counter": {
        "ACTIVE": 7435,
        "INACTIVE": 4047,
        "INVALID": 0,
        "MALICIOUS": 0,
        "SANE": 0,
        "VALID": 0,
        "total": 11482
    },
    "percentage": {
        "ACTIVE": 64.76480836236934,
        "INACTIVE": 35.24647273994078,
        "INVALID": 0,
        "MALICIOUS": 0,
        "SANE": 0,
        "VALID": 0,
        "total": 100.01128110231011
    }
}