{
    "counter": {
        "ACTIVE": 4556,
        "INACTIVE": 2175,
        "INVALID": 0,
        "MALICIOUS": 0,
        "SANE": 0,
        "VALID": 0,
        "total": 6731
    },
    "percentage": {
        "ACTIVE": 67.80770948057747,
        "INACTIVE": 32.313177833902834,
        "INVALID": 0,
        "MALICIOUS": 0,
        "SANE": 0,
        "VALID": 0,
        "total": 100.12088731448031
    }
}