{
    "counter": {
        "ACTIVE": 3950,
        "INACTIVE": 1783,
        "INVALID": 0,
        "MALICIOUS": 0,
        "SANE": 0,
        "VALID": 0,
        "total": 5733
    },
    "percentage": {
        "ACTIVE": 68.91137473831124,
        "INACTIVE": 31.100645386359673,
        "INVALID": 0,
        "MALICIOUS": 0,
        "SANE": 0,
        "VALID": 0,
        "total": 100.01202012467091
    }
}