{
    "counter": {
        "ACTIVE": 4741,
        "INACTIVE": 2290,
        "INVALID": 0,
        "MALICIOUS": 0,
        "SANE": 0,
        "VALID": 0,
        "total": 7031
    },
    "percentage": {
        "ACTIVE": 67.4491392801252,
        "INACTIVE": 32.57004693500213,
        "INVALID": 0,
        "MALICIOUS": 0,
        "SANE": 0,
        "VALID": 0,
        "total": 100.01918621512732
    }
}