{
    "counter": {
        "ACTIVE": 13443,
        "INACTIVE": 5275,
        "INVALID": 0,
        "MALICIOUS": 0,
        "SANE": 0,
        "VALID": 0,
        "total": 18718
    },
    "percentage": {
        "ACTIVE": 71.82624492412909,
        "INACTIVE": 28.181429639918793,
        "INVALID": 0,
        "MALICIOUS": 0,
        "SANE": 0,
        "VALID": 0,
        "total": 100.00767456404787
    }
}