{
    "counter": {
        "ACTIVE": 13647,
        "INACTIVE": 5309,
        "INVALID": 0,
        "MALICIOUS": 0,
        "SANE": 0,
        "VALID": 0,
        "total": 18956
    },
    "percentage": {
        "ACTIVE": 71.9930365055919,
        "INACTIVE": 28.060253699788582,
        "INVALID": 0,
        "MALICIOUS": 0,
        "SANE": 0,
        "VALID": 0,
        "total": 100.05329020538048
    }
}