{
    "counter": {
        "ACTIVE": 3118,
        "INACTIVE": 1074,
        "INVALID": 0,
        "MALICIOUS": 0,
        "SANE": 0,
        "VALID": 0,
        "total": 4192
    },
    "percentage": {
        "ACTIVE": 74.39751849200668,
        "INACTIVE": 25.620229007633586,
        "INVALID": 0,
        "MALICIOUS": 0,
        "SANE": 0,
        "VALID": 0,
        "total": 100.01774749964027
    }
}