{
    "counter": {
        "ACTIVE": 2379,
        "INACTIVE": 651,
        "INVALID": 0,
        "MALICIOUS": 0,
        "SANE": 0,
        "VALID": 0,
        "total": 3030
    },
    "percentage": {
        "ACTIVE": 78.5667107001321,
        "INACTIVE": 21.485148514851485,
        "INVALID": 0,
        "MALICIOUS": 0,
        "SANE": 0,
        "VALID": 0,
        "total": 100.0518592149836
    }
}