{
    "counter": {
        "ACTIVE": 11689,
        "INACTIVE": 4911,
        "INVALID": 0,
        "MALICIOUS": 0,
        "SANE": 0,
        "VALID": 0,
        "total": 16600
    },
    "percentage": {
        "ACTIVE": 70.41990481354298,
        "INACTIVE": 29.58433734939759,
        "INVALID": 0,
        "MALICIOUS": 0,
        "SANE": 0,
        "VALID": 0,
        "total": 100.00424216294057
    }
}