{
    "counter": {
        "ACTIVE": 7001,
        "INACTIVE": 3439,
        "INVALID": 0,
        "MALICIOUS": 0,
        "SANE": 0,
        "VALID": 0,
        "total": 10440
    },
    "percentage": {
        "ACTIVE": 67.07866245089585,
        "INACTIVE": 32.940613026819925,
        "INVALID": 0,
        "MALICIOUS": 0,
        "SANE": 0,
        "VALID": 0,
        "total": 100.01927547771578
    }
}