{
    "counter": {
        "ACTIVE": 7003,
        "INACTIVE": 3441,
        "INVALID": 0,
        "MALICIOUS": 0,
        "SANE": 0,
        "VALID": 0,
        "total": 10444
    },
    "percentage": {
        "ACTIVE": 67.06569622677648,
        "INACTIVE": 32.94714668709307,
        "INVALID": 0,
        "MALICIOUS": 0,
        "SANE": 0,
        "VALID": 0,
        "total": 100.01284291386955
    }
}