{
    "counter": {
        "ACTIVE": 9418,
        "INACTIVE": 4519,
        "INVALID": 0,
        "MALICIOUS": 0,
        "SANE": 0,
        "VALID": 0,
        "total": 13937
    },
    "percentage": {
        "ACTIVE": 67.57551840424769,
        "INACTIVE": 32.438446629818394,
        "INVALID": 0,
        "MALICIOUS": 0,
        "SANE": 0,
        "VALID": 0,
        "total": 100.01396503406608
    }
}