{
    "counter": {
        "ACTIVE": 6964,
        "INACTIVE": 3400,
        "INVALID": 0,
        "MALICIOUS": 0,
        "SANE": 0,
        "VALID": 0,
        "total": 10364
    },
    "percentage": {
        "ACTIVE": 67.20061758178134,
        "INACTIVE": 32.80586646082594,
        "INVALID": 0,
        "MALICIOUS": 0,
        "SANE": 0,
        "VALID": 0,
        "total": 100.00648404260728
    }
}