{
    "counter": {
        "ACTIVE": 10778,
        "INACTIVE": 4750,
        "INVALID": 0,
        "MALICIOUS": 0,
        "SANE": 0,
        "VALID": 0,
        "total": 15528
    },
    "percentage": {
        "ACTIVE": 69.4145681715721,
        "INACTIVE": 30.58990211231324,
        "INVALID": 0,
        "MALICIOUS": 0,
        "SANE": 0,
        "VALID": 0,
        "total": 100.00447028388534
    }
}