{
    "counter": {
        "ACTIVE": 11935,
        "INACTIVE": 4954,
        "INVALID": 0,
        "MALICIOUS": 0,
        "SANE": 0,
        "VALID": 0,
        "total": 16889
    },
    "percentage": {
        "ACTIVE": 70.6756676733582,
        "INACTIVE": 29.332701758541063,
        "INVALID": 0,
        "MALICIOUS": 0,
        "SANE": 0,
        "VALID": 0,
        "total": 100.00836943189927
    }
}