{
    "counter": {
        "ACTIVE": 13787,
        "INACTIVE": 5325,
        "INVALID": 0,
        "MALICIOUS": 0,
        "SANE": 0,
        "VALID": 0,
        "total": 19112
    },
    "percentage": {
        "ACTIVE": 72.13792381749685,
        "INACTIVE": 27.891263356379635,
        "INVALID": 0,
        "MALICIOUS": 0,
        "SANE": 0,
        "VALID": 0,
        "total": 100.0291871738765
    }
}