{
    "counter": {
        "ACTIVE": 7187,
        "INACTIVE": 3662,
        "INVALID": 0,
        "MALICIOUS": 0,
        "SANE": 0,
        "VALID": 0,
        "total": 10849
    },
    "percentage": {
        "ACTIVE": 66.2518436578171,
        "INACTIVE": 33.754263065720345,
        "INVALID": 0,
        "MALICIOUS": 0,
        "SANE": 0,
        "VALID": 0,
        "total": 100.00610672353744
    }
}