{
    "counter": {
        "ACTIVE": 3640,
        "INACTIVE": 1430,
        "INVALID": 0,
        "MALICIOUS": 0,
        "SANE": 0,
        "VALID": 0,
        "total": 5070
    },
    "percentage": {
        "ACTIVE": 71.8232044198895,
        "INACTIVE": 28.205128205128204,
        "INVALID": 0,
        "MALICIOUS": 0,
        "SANE": 0,
        "VALID": 0,
        "total": 100.02833262501771
    }
}