{
    "counter": {
        "ACTIVE": 7257,
        "INACTIVE": 3698,
        "INVALID": 0,
        "MALICIOUS": 0,
        "SANE": 0,
        "VALID": 0,
        "total": 10955
    },
    "percentage": {
        "ACTIVE": 66.24977177286836,
        "INACTIVE": 33.75627567320858,
        "INVALID": 0,
        "MALICIOUS": 0,
        "SANE": 0,
        "VALID": 0,
        "total": 100.00604744607693
    }
}