{
    "counter": {
        "ACTIVE": 13517,
        "INACTIVE": 5296,
        "INVALID": 0,
        "MALICIOUS": 0,
        "SANE": 0,
        "VALID": 0,
        "total": 18813
    },
    "percentage": {
        "ACTIVE": 71.85689224389985,
        "INACTIVE": 28.150746824004678,
        "INVALID": 0,
        "MALICIOUS": 0,
        "SANE": 0,
        "VALID": 0,
        "total": 100.00763906790453
    }
}