{
    "counter": {
        "ACTIVE": 8987,
        "INACTIVE": 4438,
        "INVALID": 0,
        "MALICIOUS": 0,
        "SANE": 0,
        "VALID": 0,
        "total": 13425
    },
    "percentage": {
        "ACTIVE": 66.94725864123957,
        "INACTIVE": 33.05772811918063,
        "INVALID": 0,
        "MALICIOUS": 0,
        "SANE": 0,
        "VALID": 0,
        "total": 100.0049867604202
    }
}