{
    "counter": {
        "ACTIVE": 10861,
        "INACTIVE": 4760,
        "INVALID": 0,
        "MALICIOUS": 0,
        "SANE": 0,
        "VALID": 0,
        "total": 15621
    },
    "percentage": {
        "ACTIVE": 69.52819921900006,
        "INACTIVE": 30.497180932854945,
        "INVALID": 0,
        "MALICIOUS": 0,
        "SANE": 0,
        "VALID": 0,
        "total": 100.025380151855
    }
}