{
    "counter": {
        "ACTIVE": 6857,
        "INACTIVE": 3295,
        "INVALID": 0,
        "MALICIOUS": 0,
        "SANE": 0,
        "VALID": 0,
        "total": 10152
    },
    "percentage": {
        "ACTIVE": 67.56330672972706,
        "INACTIVE": 32.45665878644602,
        "INVALID": 0,
        "MALICIOUS": 0,
        "SANE": 0,
        "VALID": 0,
        "total": 100.01996551617307
    }
}