{
    "counter": {
        "ACTIVE": 13014,
        "INACTIVE": 5231,
        "INVALID": 0,
        "MALICIOUS": 0,
        "SANE": 0,
        "VALID": 0,
        "total": 18245
    },
    "percentage": {
        "ACTIVE": 71.32913126884078,
        "INACTIVE": 28.71336041277857,
        "INVALID": 0,
        "MALICIOUS": 0,
        "SANE": 0,
        "VALID": 0,
        "total": 100.04249168161935
    }
}