{
    "counter": {
        "ACTIVE": 4708,
        "INACTIVE": 2265,
        "INVALID": 0,
        "MALICIOUS": 0,
        "SANE": 0,
        "VALID": 0,
        "total": 6973
    },
    "percentage": {
        "ACTIVE": 67.52725186460127,
        "INACTIVE": 32.482432238634736,
        "INVALID": 0,
        "MALICIOUS": 0,
        "SANE": 0,
        "VALID": 0,
        "total": 100.009684103236
    }
}