{
    "counter": {
        "ACTIVE": 2384,
        "INACTIVE": 664,
        "INVALID": 0,
        "MALICIOUS": 0,
        "SANE": 0,
        "VALID": 0,
        "total": 3048
    },
    "percentage": {
        "ACTIVE": 78.24089268132589,
        "INACTIVE": 21.78477690288714,
        "INVALID": 0,
        "MALICIOUS": 0,
        "SANE": 0,
        "VALID": 0,
        "total": 100.02566958421303
    }
}