{
    "counter": {
        "ACTIVE": 6990,
        "INACTIVE": 3415,
        "INVALID": 0,
        "MALICIOUS": 0,
        "SANE": 0,
        "VALID": 0,
        "total": 10405
    },
    "percentage": {
        "ACTIVE": 67.18569780853518,
        "INACTIVE": 32.8207592503604,
        "INVALID": 0,
        "MALICIOUS": 0,
        "SANE": 0,
        "VALID": 0,
        "total": 100.00645705889559
    }
}