{
    "counter": {
        "ACTIVE": 7350,
        "INACTIVE": 3900,
        "INVALID": 0,
        "MALICIOUS": 0,
        "SANE": 0,
        "VALID": 0,
        "total": 11250
    },
    "percentage": {
        "ACTIVE": 65.33914125700062,
        "INACTIVE": 34.666666666666664,
        "INVALID": 0,
        "MALICIOUS": 0,
        "SANE": 0,
        "VALID": 0,
        "total": 100.00580792366728
    }
}