{
    "counter": {
        "ACTIVE": 12696,
        "INACTIVE": 5201,
        "INVALID": 0,
        "MALICIOUS": 0,
        "SANE": 0,
        "VALID": 0,
        "total": 17897
    },
    "percentage": {
        "ACTIVE": 70.93926356372576,
        "INACTIVE": 29.080234833659492,
        "INVALID": 0,
        "MALICIOUS": 0,
        "SANE": 0,
        "VALID": 0,
        "total": 100.01949839738525
    }
}