{
    "counter": {
        "ACTIVE": 2429,
        "INACTIVE": 690,
        "INVALID": 0,
        "MALICIOUS": 0,
        "SANE": 0,
        "VALID": 0,
        "total": 3119
    },
    "percentage": {
        "ACTIVE": 78.00256904303147,
        "INACTIVE": 22.122475152292402,
        "INVALID": 0,
        "MALICIOUS": 0,
        "SANE": 0,
        "VALID": 0,
        "total": 100.12504419532388
    }
}