{
    "counter": {
        "ACTIVE": 10340,
        "INACTIVE": 4681,
        "INVALID": 0,
        "MALICIOUS": 0,
        "SANE": 0,
        "VALID": 0,
        "total": 15021
    },
    "percentage": {
        "ACTIVE": 68.84154460719041,
        "INACTIVE": 31.16303841288862,
        "INVALID": 0,
        "MALICIOUS": 0,
        "SANE": 0,
        "VALID": 0,
        "total": 100.00458302007904
    }
}