{
    "counter": {
        "ACTIVE": 7157,
        "INACTIVE": 3649,
        "INVALID": 0,
        "MALICIOUS": 0,
        "SANE": 0,
        "VALID": 0,
        "total": 10806
    },
    "percentage": {
        "ACTIVE": 66.26851851851852,
        "INACTIVE": 33.76827688321303,
        "INVALID": 0,
        "MALICIOUS": 0,
        "SANE": 0,
        "VALID": 0,
        "total": 100.03679540173155
    }
}