{
    "counter": {
        "ACTIVE": 8511,
        "INACTIVE": 4377,
        "INVALID": 0,
        "MALICIOUS": 0,
        "SANE": 0,
        "VALID": 0,
        "total": 12888
    },
    "percentage": {
        "ACTIVE": 66.04329944905719,
        "INACTIVE": 33.96182495344507,
        "INVALID": 0,
        "MALICIOUS": 0,
        "SANE": 0,
        "VALID": 0,
        "total": 100.00512440250225
    }
}