{
    "counter": {
        "ACTIVE": 4691,
        "INACTIVE": 2249,
        "INVALID": 0,
        "MALICIOUS": 0,
        "SANE": 0,
        "VALID": 0,
        "total": 6940
    },
    "percentage": {
        "ACTIVE": 67.60340106643609,
        "INACTIVE": 32.40634005763689,
        "INVALID": 0,
        "MALICIOUS": 0,
        "SANE": 0,
        "VALID": 0,
        "total": 100.00974112407297
    }
}