{
    "counter": {
        "ACTIVE": 4815,
        "INACTIVE": 2327,
        "INVALID": 0,
        "MALICIOUS": 0,
        "SANE": 0,
        "VALID": 0,
        "total": 7142
    },
    "percentage": {
        "ACTIVE": 67.43697478991596,
        "INACTIVE": 32.5819098291795,
        "INVALID": 0,
        "MALICIOUS": 0,
        "SANE": 0,
        "VALID": 0,
        "total": 100.01888461909547
    }
}