{
    "counter": {
        "ACTIVE": 7007,
        "INACTIVE": 3453,
        "INVALID": 0,
        "MALICIOUS": 0,
        "SANE": 0,
        "VALID": 0,
        "total": 10460
    },
    "percentage": {
        "ACTIVE": 67.00133868808568,
        "INACTIVE": 33.01147227533461,
        "INVALID": 0,
        "MALICIOUS": 0,
        "SANE": 0,
        "VALID": 0,
        "total": 100.01281096342029
    }
}