{
    "counter": {
        "ACTIVE": 2221,
        "INACTIVE": 614,
        "INVALID": 0,
        "MALICIOUS": 0,
        "SANE": 0,
        "VALID": 0,
        "total": 2835
    },
    "percentage": {
        "ACTIVE": 78.36979534227241,
        "INACTIVE": 21.65784832451499,
        "INVALID": 0,
        "MALICIOUS": 0,
        "SANE": 0,
        "VALID": 0,
        "total": 100.0276436667874
    }
}