{
    "counter": {
        "ACTIVE": 9758,
        "INACTIVE": 4586,
        "INVALID": 0,
        "MALICIOUS": 0,
        "SANE": 0,
        "VALID": 0,
        "total": 14344
    },
    "percentage": {
        "ACTIVE": 68.02844394868934,
        "INACTIVE": 31.973785121662136,
        "INVALID": 0,
        "MALICIOUS": 0,
        "SANE": 0,
        "VALID": 0,
        "total": 100.00222907035148
    }
}