{
    "counter": {
        "ACTIVE": 13112,
        "INACTIVE": 5241,
        "INVALID": 0,
        "MALICIOUS": 0,
        "SANE": 0,
        "VALID": 0,
        "total": 18353
    },
    "percentage": {
        "ACTIVE": 71.44336075845911,
        "INACTIVE": 28.573765129211644,
        "INVALID": 0,
        "MALICIOUS": 0,
        "SANE": 0,
        "VALID": 0,
        "total": 100.01712588767074
    }
}