{
    "counter": {
        "ACTIVE": 11136,
        "INACTIVE": 4813,
        "INVALID": 0,
        "MALICIOUS": 0,
        "SANE": 0,
        "VALID": 0,
        "total": 15949
    },
    "percentage": {
        "ACTIVE": 69.82693754702784,
        "INACTIVE": 30.17744059188664,
        "INVALID": 0,
        "MALICIOUS": 0,
        "SANE": 0,
        "VALID": 0,
        "total": 100.00437813891448
    }
}