{
    "counter": {
        "ACTIVE": 11569,
        "INACTIVE": 4890,
        "INVALID": 0,
        "MALICIOUS": 0,
        "SANE": 0,
        "VALID": 0,
        "total": 16459
    },
    "percentage": {
        "ACTIVE": 70.28981104562853,
        "INACTIVE": 29.715605250364607,
        "INVALID": 0,
        "MALICIOUS": 0,
        "SANE": 0,
        "VALID": 0,
        "total": 100.00541629599313
    }
}