{
    "counter": {
        "ACTIVE": 6905,
        "INACTIVE": 3362,
        "INVALID": 0,
        "MALICIOUS": 0,
        "SANE": 0,
        "VALID": 0,
        "total": 10267
    },
    "percentage": {
        "ACTIVE": 67.29363609784622,
        "INACTIVE": 32.74569007499756,
        "INVALID": 0,
        "MALICIOUS": 0,
        "SANE": 0,
        "VALID": 0,
        "total": 100.03932617284377
    }
}