{
    "counter": {
        "ACTIVE": 6145,
        "INACTIVE": 3065,
        "INVALID": 0,
        "MALICIOUS": 0,
        "SANE": 0,
        "VALID": 0,
        "total": 9210
    },
    "percentage": {
        "ACTIVE": 66.72095548317047,
        "INACTIVE": 33.32970856894302,
        "INVALID": 0,
        "MALICIOUS": 0,
        "SANE": 0,
        "VALID": 0,
        "total": 100.05066405211349
    }
}