{
    "counter": {
        "ACTIVE": 7543,
        "INACTIVE": 4275,
        "INVALID": 0,
        "MALICIOUS": 0,
        "SANE": 0,
        "VALID": 0,
        "total": 11818
    },
    "percentage": {
        "ACTIVE": 63.83176779216383,
        "INACTIVE": 36.17363344051447,
        "INVALID": 0,
        "MALICIOUS": 0,
        "SANE": 0,
        "VALID": 0,
        "total": 100.00540123267831
    }
}