{
    "counter": {
        "ACTIVE": 1009,
        "INACTIVE": 124,
        "INVALID": 0,
        "MALICIOUS": 0,
        "SANE": 0,
        "VALID": 0,
        "total": 1133
    },
    "percentage": {
        "ACTIVE": 89.13427561837456,
        "INACTIVE": 10.944395410414828,
        "INVALID": 0,
        "MALICIOUS": 0,
        "SANE": 0,
        "VALID": 0,
        "total": 100.07867102878939
    }
}