{
    "counter": {
        "ACTIVE": 6617,
        "INACTIVE": 3203,
        "INVALID": 0,
        "MALICIOUS": 0,
        "SANE": 0,
        "VALID": 0,
        "total": 9820
    },
    "percentage": {
        "ACTIVE": 67.38975455749058,
        "INACTIVE": 32.617107942973526,
        "INVALID": 0,
        "MALICIOUS": 0,
        "SANE": 0,
        "VALID": 0,
        "total": 100.00686250046411
    }
}