{
    "counter": {
        "ACTIVE": 7533,
        "INACTIVE": 4262,
        "INVALID": 0,
        "MALICIOUS": 0,
        "SANE": 0,
        "VALID": 0,
        "total": 11795
    },
    "percentage": {
        "ACTIVE": 63.88771096599101,
        "INACTIVE": 36.133955065705806,
        "INVALID": 0,
        "MALICIOUS": 0,
        "SANE": 0,
        "VALID": 0,
        "total": 100.02166603169681
    }
}