{
    "counter": {
        "ACTIVE": 12718,
        "INACTIVE": 5201,
        "INVALID": 0,
        "MALICIOUS": 0,
        "SANE": 0,
        "VALID": 0,
        "total": 17919
    },
    "percentage": {
        "ACTIVE": 70.97494279814721,
        "INACTIVE": 29.080234833659492,
        "INVALID": 0,
        "MALICIOUS": 0,
        "SANE": 0,
        "VALID": 0,
        "total": 100.0551776318067
    }
}