{
    "counter": {
        "ACTIVE": 4318,
        "INACTIVE": 2054,
        "INVALID": 0,
        "MALICIOUS": 0,
        "SANE": 0,
        "VALID": 0,
        "total": 6372
    },
    "percentage": {
        "ACTIVE": 67.76522284996861,
        "INACTIVE": 32.305756527209816,
        "INVALID": 0,
        "MALICIOUS": 0,
        "SANE": 0,
        "VALID": 0,
        "total": 100.07097937717842
    }
}