{
    "counter": {
        "ACTIVE": 7402,
        "INACTIVE": 3997,
        "INVALID": 0,
        "MALICIOUS": 0,
        "SANE": 0,
        "VALID": 0,
        "total": 11399
    },
    "percentage": {
        "ACTIVE": 64.94121775750132,
        "INACTIVE": 35.064479340293005,
        "INVALID": 0,
        "MALICIOUS": 0,
        "SANE": 0,
        "VALID": 0,
        "total": 100.00569709779433
    }
}