{
    "counter": {
        "ACTIVE": 5922,
        "INACTIVE": 2967,
        "INVALID": 0,
        "MALICIOUS": 0,
        "SANE": 0,
        "VALID": 0,
        "total": 8889
    },
    "percentage": {
        "ACTIVE": 66.64415935178933,
        "INACTIVE": 33.378332770840366,
        "INVALID": 0,
        "MALICIOUS": 0,
        "SANE": 0,
        "VALID": 0,
        "total": 100.0224921226297
    }
}