{
    "counter": {
        "ACTIVE": 1680,
        "INACTIVE": 389,
        "INVALID": 0,
        "MALICIOUS": 0,
        "SANE": 0,
        "VALID": 0,
        "total": 2069
    },
    "percentage": {
        "ACTIVE": 81.23791102514507,
        "INACTIVE": 18.801353310778154,
        "INVALID": 0,
        "MALICIOUS": 0,
        "SANE": 0,
        "VALID": 0,
        "total": 100.03926433592322
    }
}