{
    "counter": {
        "ACTIVE": 3231,
        "INACTIVE": 1131,
        "INVALID": 0,
        "MALICIOUS": 0,
        "SANE": 0,
        "VALID": 0,
        "total": 4362
    },
    "percentage": {
        "ACTIVE": 74.13951353832033,
        "INACTIVE": 25.92847317744154,
        "INVALID": 0,
        "MALICIOUS": 0,
        "SANE": 0,
        "VALID": 0,
        "total": 100.06798671576186
    }
}