{
    "counter": {
        "ACTIVE": 7338,
        "INACTIVE": 3861,
        "INVALID": 0,
        "MALICIOUS": 0,
        "SANE": 0,
        "VALID": 0,
        "total": 11199
    },
    "percentage": {
        "ACTIVE": 65.53541127087612,
        "INACTIVE": 34.47629252611841,
        "INVALID": 0,
        "MALICIOUS": 0,
        "SANE": 0,
        "VALID": 0,
        "total": 100.01170379699454
    }
}