{
    "counter": {
        "ACTIVE": 5205,
        "INACTIVE": 2562,
        "INVALID": 0,
        "MALICIOUS": 0,
        "SANE": 0,
        "VALID": 0,
        "total": 7767
    },
    "percentage": {
        "ACTIVE": 67.02292042235385,
        "INACTIVE": 32.98570876786404,
        "INVALID": 0,
        "MALICIOUS": 0,
        "SANE": 0,
        "VALID": 0,
        "total": 100.00862919021789
    }
}