{
    "counter": {
        "ACTIVE": 7510,
        "INACTIVE": 4192,
        "INVALID": 0,
        "MALICIOUS": 0,
        "SANE": 0,
        "VALID": 0,
        "total": 11702
    },
    "percentage": {
        "ACTIVE": 64.1880341880342,
        "INACTIVE": 35.82293625021364,
        "INVALID": 0,
        "MALICIOUS": 0,
        "SANE": 0,
        "VALID": 0,
        "total": 100.01097043824782
    }
}