{
    "counter": {
        "ACTIVE": 7355,
        "INACTIVE": 3928,
        "INVALID": 0,
        "MALICIOUS": 0,
        "SANE": 0,
        "VALID": 0,
        "total": 11283
    },
    "percentage": {
        "ACTIVE": 65.19812073397749,
        "INACTIVE": 34.813436142869804,
        "INVALID": 0,
        "MALICIOUS": 0,
        "SANE": 0,
        "VALID": 0,
        "total": 100.0115568768473
    }
}