{
    "counter": {
        "ACTIVE": 8789,
        "INACTIVE": 4418,
        "INVALID": 0,
        "MALICIOUS": 0,
        "SANE": 0,
        "VALID": 0,
        "total": 13207
    },
    "percentage": {
        "ACTIVE": 66.55308193245494,
        "INACTIVE": 33.45195729537367,
        "INVALID": 0,
        "MALICIOUS": 0,
        "SANE": 0,
        "VALID": 0,
        "total": 100.0050392278286
    }
}