{
    "counter": {
        "ACTIVE": 14349,
        "INACTIVE": 5359,
        "INVALID": 0,
        "MALICIOUS": 0,
        "SANE": 0,
        "VALID": 0,
        "total": 19708
    },
    "percentage": {
        "ACTIVE": 72.80799675258778,
        "INACTIVE": 27.25561997762181,
        "INVALID": 0,
        "MALICIOUS": 0,
        "SANE": 0,
        "VALID": 0,
        "total": 100.06361673020959
    }
}