{
    "counter": {
        "ACTIVE": 3604,
        "INACTIVE": 1366,
        "INVALID": 0,
        "MALICIOUS": 0,
        "SANE": 0,
        "VALID": 0,
        "total": 4970
    },
    "percentage": {
        "ACTIVE": 72.54428341384863,
        "INACTIVE": 27.484909456740443,
        "INVALID": 0,
        "MALICIOUS": 0,
        "SANE": 0,
        "VALID": 0,
        "total": 100.02919287058907
    }
}