{
    "counter": {
        "ACTIVE": 13553,
        "INACTIVE": 5299,
        "INVALID": 0,
        "MALICIOUS": 0,
        "SANE": 0,
        "VALID": 0,
        "total": 18852
    },
    "percentage": {
        "ACTIVE": 71.89157649055804,
        "INACTIVE": 28.11737238671336,
        "INVALID": 0,
        "MALICIOUS": 0,
        "SANE": 0,
        "VALID": 0,
        "total": 100.0089488772714
    }
}