{
    "counter": {
        "ACTIVE": 7092,
        "INACTIVE": 3519,
        "INVALID": 0,
        "MALICIOUS": 0,
        "SANE": 0,
        "VALID": 0,
        "total": 10611
    },
    "percentage": {
        "ACTIVE": 66.8426013195099,
        "INACTIVE": 33.16369804919423,
        "INVALID": 0,
        "MALICIOUS": 0,
        "SANE": 0,
        "VALID": 0,
        "total": 100.00629936870413
    }
}