{
    "counter": {
        "ACTIVE": 3210,
        "INACTIVE": 1107,
        "INVALID": 0,
        "MALICIOUS": 0,
        "SANE": 0,
        "VALID": 0,
        "total": 4317
    },
    "percentage": {
        "ACTIVE": 74.37442075996293,
        "INACTIVE": 25.64280750521195,
        "INVALID": 0,
        "MALICIOUS": 0,
        "SANE": 0,
        "VALID": 0,
        "total": 100.01722826517488
    }
}