{
    "counter": {
        "ACTIVE": 2140,
        "INACTIVE": 559,
        "INVALID": 0,
        "MALICIOUS": 0,
        "SANE": 0,
        "VALID": 0,
        "total": 2699
    },
    "percentage": {
        "ACTIVE": 79.34742306266222,
        "INACTIVE": 20.711374583178955,
        "INVALID": 0,
        "MALICIOUS": 0,
        "SANE": 0,
        "VALID": 0,
        "total": 100.05879764584117
    }
}