{
    "counter": {
        "ACTIVE": 4214,
        "INACTIVE": 2002,
        "INVALID": 0,
        "MALICIOUS": 0,
        "SANE": 0,
        "VALID": 0,
        "total": 6216
    },
    "percentage": {
        "ACTIVE": 67.86922209695604,
        "INACTIVE": 32.207207207207205,
        "INVALID": 0,
        "MALICIOUS": 0,
        "SANE": 0,
        "VALID": 0,
        "total": 100.07642930416324
    }
}