{
    "counter": {
        "ACTIVE": 2309,
        "INACTIVE": 639,
        "INVALID": 0,
        "MALICIOUS": 0,
        "SANE": 0,
        "VALID": 0,
        "total": 2948
    },
    "percentage": {
        "ACTIVE": 78.37746096401901,
        "INACTIVE": 21.67571234735414,
        "INVALID": 0,
        "MALICIOUS": 0,
        "SANE": 0,
        "VALID": 0,
        "total": 100.05317331137314
    }
}