{
    "counter": {
        "ACTIVE": 5562,
        "INACTIVE": 2762,
        "INVALID": 0,
        "MALICIOUS": 0,
        "SANE": 0,
        "VALID": 0,
        "total": 8324
    },
    "percentage": {
        "ACTIVE": 66.85899747565813,
        "INACTIVE": 33.181162902450744,
        "INVALID": 0,
        "MALICIOUS": 0,
        "SANE": 0,
        "VALID": 0,
        "total": 100.04016037810888
    }
}