{
    "counter": {
        "ACTIVE": 4202,
        "INACTIVE": 1976,
        "INVALID": 0,
        "MALICIOUS": 0,
        "SANE": 0,
        "VALID": 0,
        "total": 6178
    },
    "percentage": {
        "ACTIVE": 68.02655010522908,
        "INACTIVE": 31.984460990611847,
        "INVALID": 0,
        "MALICIOUS": 0,
        "SANE": 0,
        "VALID": 0,
        "total": 100.01101109584093
    }
}