{
    "counter": {
        "ACTIVE": 7113,
        "INACTIVE": 3572,
        "INVALID": 0,
        "MALICIOUS": 0,
        "SANE": 0,
        "VALID": 0,
        "total": 10685
    },
    "percentage": {
        "ACTIVE": 66.58865381014792,
        "INACTIVE": 33.430042115114645,
        "INVALID": 0,
        "MALICIOUS": 0,
        "SANE": 0,
        "VALID": 0,
        "total": 100.01869592526256
    }
}