{
    "counter": {
        "ACTIVE": 5599,
        "INACTIVE": 2840,
        "INVALID": 0,
        "MALICIOUS": 0,
        "SANE": 0,
        "VALID": 0,
        "total": 8439
    },
    "percentage": {
        "ACTIVE": 66.42543599477993,
        "INACTIVE": 33.65327645455623,
        "INVALID": 0,
        "MALICIOUS": 0,
        "SANE": 0,
        "VALID": 0,
        "total": 100.07871244933617
    }
}