{
    "counter": {
        "ACTIVE": 5376,
        "INACTIVE": 2650,
        "INVALID": 0,
        "MALICIOUS": 0,
        "SANE": 0,
        "VALID": 0,
        "total": 8026
    },
    "percentage": {
        "ACTIVE": 66.98230750062298,
        "INACTIVE": 33.03827452936043,
        "INVALID": 0,
        "MALICIOUS": 0,
        "SANE": 0,
        "VALID": 0,
        "total": 100.02058202998342
    }
}