{
    "counter": {
        "ACTIVE": 7621,
        "INACTIVE": 4284,
        "INVALID": 0,
        "MALICIOUS": 0,
        "SANE": 0,
        "VALID": 0,
        "total": 11905
    },
    "percentage": {
        "ACTIVE": 64.02049731182795,
        "INACTIVE": 35.984880302393954,
        "INVALID": 0,
        "MALICIOUS": 0,
        "SANE": 0,
        "VALID": 0,
        "total": 100.00537761422191
    }
}