{
    "counter": {
        "ACTIVE": 11622,
        "INACTIVE": 4901,
        "INVALID": 0,
        "MALICIOUS": 0,
        "SANE": 0,
        "VALID": 0,
        "total": 16523
    },
    "percentage": {
        "ACTIVE": 70.33831628638868,
        "INACTIVE": 29.674255267619277,
        "INVALID": 0,
        "MALICIOUS": 0,
        "SANE": 0,
        "VALID": 0,
        "total": 100.01257155400795
    }
}