{
    "counter": {
        "ACTIVE": 7258,
        "INACTIVE": 3700,
        "INVALID": 0,
        "MALICIOUS": 0,
        "SANE": 0,
        "VALID": 0,
        "total": 10958
    },
    "percentage": {
        "ACTIVE": 66.24075933193393,
        "INACTIVE": 33.765285636064974,
        "INVALID": 0,
        "MALICIOUS": 0,
        "SANE": 0,
        "VALID": 0,
        "total": 100.0060449679989
    }
}