{
    "counter": {
        "ACTIVE": 7478,
        "INACTIVE": 4132,
        "INVALID": 0,
        "MALICIOUS": 0,
        "SANE": 0,
        "VALID": 0,
        "total": 11610
    },
    "percentage": {
        "ACTIVE": 64.421088904204,
        "INACTIVE": 35.59000861326443,
        "INVALID": 0,
        "MALICIOUS": 0,
        "SANE": 0,
        "VALID": 0,
        "total": 100.01109751746843
    }
}