{
    "counter": {
        "ACTIVE": 1225,
        "INACTIVE": 223,
        "INVALID": 0,
        "MALICIOUS": 0,
        "SANE": 0,
        "VALID": 0,
        "total": 1448
    },
    "percentage": {
        "ACTIVE": 84.65791292328956,
        "INACTIVE": 15.400552486187845,
        "INVALID": 0,
        "MALICIOUS": 0,
        "SANE": 0,
        "VALID": 0,
        "total": 100.0584654094774
    }
}