{
    "counter": {
        "ACTIVE": 2146,
        "INACTIVE": 573,
        "INVALID": 0,
        "MALICIOUS": 0,
        "SANE": 0,
        "VALID": 0,
        "total": 2719
    },
    "percentage": {
        "ACTIVE": 79.04235727440147,
        "INACTIVE": 21.073924236851784,
        "INVALID": 0,
        "MALICIOUS": 0,
        "SANE": 0,
        "VALID": 0,
        "total": 100.11628151125325
    }
}