{
    "counter": {
        "ACTIVE": 7330,
        "INACTIVE": 3848,
        "INVALID": 0,
        "MALICIOUS": 0,
        "SANE": 0,
        "VALID": 0,
        "total": 11178
    },
    "percentage": {
        "ACTIVE": 65.62807771510431,
        "INACTIVE": 34.424762927178385,
        "INVALID": 0,
        "MALICIOUS": 0,
        "SANE": 0,
        "VALID": 0,
        "total": 100.05284064228269
    }
}