{
    "counter": {
        "ACTIVE": 7387,
        "INACTIVE": 3971,
        "INVALID": 0,
        "MALICIOUS": 0,
        "SANE": 0,
        "VALID": 0,
        "total": 11358
    },
    "percentage": {
        "ACTIVE": 65.04358545390508,
        "INACTIVE": 34.962141222046135,
        "INVALID": 0,
        "MALICIOUS": 0,
        "SANE": 0,
        "VALID": 0,
        "total": 100.00572667595122
    }
}