{
    "counter": {
        "ACTIVE": 8080,
        "INACTIVE": 4317,
        "INVALID": 0,
        "MALICIOUS": 0,
        "SANE": 0,
        "VALID": 0,
        "total": 12397
    },
    "percentage": {
        "ACTIVE": 65.17705896587884,
        "INACTIVE": 34.83137001775052,
        "INVALID": 0,
        "MALICIOUS": 0,
        "SANE": 0,
        "VALID": 0,
        "total": 100.00842898362936
    }
}