{
    "counter": {
        "ACTIVE": 6998,
        "INACTIVE": 3428,
        "INVALID": 0,
        "MALICIOUS": 0,
        "SANE": 0,
        "VALID": 0,
        "total": 10426
    },
    "percentage": {
        "ACTIVE": 67.17865028319093,
        "INACTIVE": 32.87934011126031,
        "INVALID": 0,
        "MALICIOUS": 0,
        "SANE": 0,
        "VALID": 0,
        "total": 100.05799039445125
    }
}