{
    "counter": {
        "ACTIVE": 13021,
        "INACTIVE": 5231,
        "INVALID": 0,
        "MALICIOUS": 0,
        "SANE": 0,
        "VALID": 0,
        "total": 18252
    },
    "percentage": {
        "ACTIVE": 71.34012710935788,
        "INACTIVE": 28.71336041277857,
        "INVALID": 0,
        "MALICIOUS": 0,
        "SANE": 0,
        "VALID": 0,
        "total": 100.05348752213645
    }
}