{
    "counter": {
        "ACTIVE": 7155,
        "INACTIVE": 3637,
        "INVALID": 0,
        "MALICIOUS": 0,
        "SANE": 0,
        "VALID": 0,
        "total": 10792
    },
    "percentage": {
        "ACTIVE": 66.31139944392956,
        "INACTIVE": 33.7008895478132,
        "INVALID": 0,
        "MALICIOUS": 0,
        "SANE": 0,
        "VALID": 0,
        "total": 100.01228899174276
    }
}