{
    "counter": {
        "ACTIVE": 12986,
        "INACTIVE": 5229,
        "INVALID": 0,
        "MALICIOUS": 0,
        "SANE": 0,
        "VALID": 0,
        "total": 18215
    },
    "percentage": {
        "ACTIVE": 71.29289047488334,
        "INACTIVE": 28.7639584135541,
        "INVALID": 0,
        "MALICIOUS": 0,
        "SANE": 0,
        "VALID": 0,
        "total": 100.05684888843743
    }
}