{
    "counter": {
        "ACTIVE": 1333,
        "INACTIVE": 253,
        "INVALID": 0,
        "MALICIOUS": 0,
        "SANE": 0,
        "VALID": 0,
        "total": 1586
    },
    "percentage": {
        "ACTIVE": 84.10094637223975,
        "INACTIVE": 15.952080706179068,
        "INVALID": 0,
        "MALICIOUS": 0,
        "SANE": 0,
        "VALID": 0,
        "total": 100.05302707841881
    }
}