{
    "counter": {
        "ACTIVE": 7308,
        "INACTIVE": 3776,
        "INVALID": 0,
        "MALICIOUS": 0,
        "SANE": 0,
        "VALID": 0,
        "total": 11084
    },
    "percentage": {
        "ACTIVE": 65.9388252278264,
        "INACTIVE": 34.06712378202815,
        "INVALID": 0,
        "MALICIOUS": 0,
        "SANE": 0,
        "VALID": 0,
        "total": 100.00594900985455
    }
}