{
    "counter": {
        "ACTIVE": 2739,
        "INACTIVE": 869,
        "INVALID": 0,
        "MALICIOUS": 0,
        "SANE": 0,
        "VALID": 0,
        "total": 3608
    },
    "percentage": {
        "ACTIVE": 75.95673876871881,
        "INACTIVE": 24.085365853658537,
        "INVALID": 0,
        "MALICIOUS": 0,
        "SANE": 0,
        "VALID": 0,
        "total": 100.04210462237734
    }
}