{
    "counter": {
        "ACTIVE": 4790,
        "INACTIVE": 2302,
        "INVALID": 0,
        "MALICIOUS": 0,
        "SANE": 0,
        "VALID": 0,
        "total": 7092
    },
    "percentage": {
        "ACTIVE": 67.55041602030744,
        "INACTIVE": 32.459108855047944,
        "INVALID": 0,
        "MALICIOUS": 0,
        "SANE": 0,
        "VALID": 0,
        "total": 100.00952487535538
    }
}