{
    "counter": {
        "ACTIVE": 3173,
        "INACTIVE": 1085,
        "INVALID": 0,
        "MALICIOUS": 0,
        "SANE": 0,
        "VALID": 0,
        "total": 4258
    },
    "percentage": {
        "ACTIVE": 74.5710928319624,
        "INACTIVE": 25.48144668858619,
        "INVALID": 0,
        "MALICIOUS": 0,
        "SANE": 0,
        "VALID": 0,
        "total": 100.05253952054859
    }
}