{
    "counter": {
        "ACTIVE": 13462,
        "INACTIVE": 5286,
        "INVALID": 0,
        "MALICIOUS": 0,
        "SANE": 0,
        "VALID": 0,
        "total": 18748
    },
    "percentage": {
        "ACTIVE": 71.8049925325368,
        "INACTIVE": 28.205538658556108,
        "INVALID": 0,
        "MALICIOUS": 0,
        "SANE": 0,
        "VALID": 0,
        "total": 100.01053119109291
    }
}