{
    "counter": {
        "ACTIVE": 1642,
        "INACTIVE": 376,
        "INVALID": 0,
        "MALICIOUS": 0,
        "SANE": 0,
        "VALID": 0,
        "total": 2018
    },
    "percentage": {
        "ACTIVE": 81.4484126984127,
        "INACTIVE": 18.63230921704658,
        "INVALID": 0,
        "MALICIOUS": 0,
        "SANE": 0,
        "VALID": 0,
        "total": 100.08072191545928
    }
}