{
    "counter": {
        "ACTIVE": 13167,
        "INACTIVE": 5248,
        "INVALID": 0,
        "MALICIOUS": 0,
        "SANE": 0,
        "VALID": 0,
        "total": 18415
    },
    "percentage": {
        "ACTIVE": 71.50149334781428,
        "INACTIVE": 28.526390172310702,
        "INVALID": 0,
        "MALICIOUS": 0,
        "SANE": 0,
        "VALID": 0,
        "total": 100.02788352012497
    }
}