{
    "counter": {
        "ACTIVE": 6786,
        "INACTIVE": 3248,
        "INVALID": 0,
        "MALICIOUS": 0,
        "SANE": 0,
        "VALID": 0,
        "total": 10034
    },
    "percentage": {
        "ACTIVE": 67.6300578034682,
        "INACTIVE": 32.38930993218987,
        "INVALID": 0,
        "MALICIOUS": 0,
        "SANE": 0,
        "VALID": 0,
        "total": 100.01936773565808
    }
}