{
    "counter": {
        "ACTIVE": 2809,
        "INACTIVE": 905,
        "INVALID": 0,
        "MALICIOUS": 0,
        "SANE": 0,
        "VALID": 0,
        "total": 3714
    },
    "percentage": {
        "ACTIVE": 75.65311069216267,
        "INACTIVE": 24.36725901992461,
        "INVALID": 0,
        "MALICIOUS": 0,
        "SANE": 0,
        "VALID": 0,
        "total": 100.02036971208727
    }
}