{
    "counter": {
        "ACTIVE": 3765,
        "INACTIVE": 1532,
        "INVALID": 0,
        "MALICIOUS": 0,
        "SANE": 0,
        "VALID": 0,
        "total": 5297
    },
    "percentage": {
        "ACTIVE": 71.10481586402267,
        "INACTIVE": 28.922031338493486,
        "INVALID": 0,
        "MALICIOUS": 0,
        "SANE": 0,
        "VALID": 0,
        "total": 100.02684720251615
    }
}