{
    "counter": {
        "ACTIVE": 3058,
        "INACTIVE": 1014,
        "INVALID": 0,
        "MALICIOUS": 0,
        "SANE": 0,
        "VALID": 0,
        "total": 4072
    },
    "percentage": {
        "ACTIVE": 75.09823182711199,
        "INACTIVE": 25.01233349777997,
        "INVALID": 0,
        "MALICIOUS": 0,
        "SANE": 0,
        "VALID": 0,
        "total": 100.11056532489195
    }
}