{
    "counter": {
        "ACTIVE": 12617,
        "INACTIVE": 5195,
        "INVALID": 0,
        "MALICIOUS": 0,
        "SANE": 0,
        "VALID": 0,
        "total": 17812
    },
    "percentage": {
        "ACTIVE": 70.83824602773566,
        "INACTIVE": 29.16573096788682,
        "INVALID": 0,
        "MALICIOUS": 0,
        "SANE": 0,
        "VALID": 0,
        "total": 100.00397699562248
    }
}