{
    "counter": {
        "ACTIVE": 7413,
        "INACTIVE": 4015,
        "INVALID": 0,
        "MALICIOUS": 0,
        "SANE": 0,
        "VALID": 0,
        "total": 11428
    },
    "percentage": {
        "ACTIVE": 64.88970588235294,
        "INACTIVE": 35.13300665033252,
        "INVALID": 0,
        "MALICIOUS": 0,
        "SANE": 0,
        "VALID": 0,
        "total": 100.02271253268546
    }
}