{
    "counter": {
        "ACTIVE": 7109,
        "INACTIVE": 3559,
        "INVALID": 0,
        "MALICIOUS": 0,
        "SANE": 0,
        "VALID": 0,
        "total": 10668
    },
    "percentage": {
        "ACTIVE": 66.66354088522131,
        "INACTIVE": 33.361454818147735,
        "INVALID": 0,
        "MALICIOUS": 0,
        "SANE": 0,
        "VALID": 0,
        "total": 100.02499570336904
    }
}