{
    "counter": {
        "ACTIVE": 1536,
        "INACTIVE": 329,
        "INVALID": 0,
        "MALICIOUS": 0,
        "SANE": 0,
        "VALID": 0,
        "total": 1865
    },
    "percentage": {
        "ACTIVE": 82.49194414607949,
        "INACTIVE": 17.640750670241285,
        "INVALID": 0,
        "MALICIOUS": 0,
        "SANE": 0,
        "VALID": 0,
        "total": 100.13269481632078
    }
}