{
    "counter": {
        "ACTIVE": 3362,
        "INACTIVE": 1193,
        "INVALID": 0,
        "MALICIOUS": 0,
        "SANE": 0,
        "VALID": 0,
        "total": 4555
    },
    "percentage": {
        "ACTIVE": 73.84142323742587,
        "INACTIVE": 26.19099890230516,
        "INVALID": 0,
        "MALICIOUS": 0,
        "SANE": 0,
        "VALID": 0,
        "total": 100.03242213973104
    }
}