{
    "counter": {
        "ACTIVE": 14407,
        "INACTIVE": 5366,
        "INVALID": 0,
        "MALICIOUS": 0,
        "SANE": 0,
        "VALID": 0,
        "total": 19773
    },
    "percentage": {
        "ACTIVE": 72.86198351287109,
        "INACTIVE": 27.14076172171362,
        "INVALID": 0,
        "MALICIOUS": 0,
        "SANE": 0,
        "VALID": 0,
        "total": 100.00274523458471
    }
}