{
    "counter": {
        "ACTIVE": 1056,
        "INACTIVE": 141,
        "INVALID": 0,
        "MALICIOUS": 0,
        "SANE": 0,
        "VALID": 0,
        "total": 1197
    },
    "percentage": {
        "ACTIVE": 88.29431438127091,
        "INACTIVE": 11.779448621553884,
        "INVALID": 0,
        "MALICIOUS": 0,
        "SANE": 0,
        "VALID": 0,
        "total": 100.07376300282479
    }
}