{
    "counter": {
        "ACTIVE": 4928,
        "INACTIVE": 2427,
        "INVALID": 0,
        "MALICIOUS": 0,
        "SANE": 0,
        "VALID": 0,
        "total": 7355
    },
    "percentage": {
        "ACTIVE": 67.01115039434322,
        "INACTIVE": 32.99796057104011,
        "INVALID": 0,
        "MALICIOUS": 0,
        "SANE": 0,
        "VALID": 0,
        "total": 100.00911096538333
    }
}