{
    "counter": {
        "ACTIVE": 7502,
        "INACTIVE": 4179,
        "INVALID": 0,
        "MALICIOUS": 0,
        "SANE": 0,
        "VALID": 0,
        "total": 11681
    },
    "percentage": {
        "ACTIVE": 64.25695931477516,
        "INACTIVE": 35.776046571355195,
        "INVALID": 0,
        "MALICIOUS": 0,
        "SANE": 0,
        "VALID": 0,
        "total": 100.03300588613035
    }
}