{
    "counter": {
        "ACTIVE": 3851,
        "INACTIVE": 1641,
        "INVALID": 0,
        "MALICIOUS": 0,
        "SANE": 0,
        "VALID": 0,
        "total": 5492
    },
    "percentage": {
        "ACTIVE": 70.20966271649955,
        "INACTIVE": 29.879825200291332,
        "INVALID": 0,
        "MALICIOUS": 0,
        "SANE": 0,
        "VALID": 0,
        "total": 100.08948791679089
    }
}