{
    "counter": {
        "ACTIVE": 6666,
        "INACTIVE": 3214,
        "INVALID": 0,
        "MALICIOUS": 0,
        "SANE": 0,
        "VALID": 0,
        "total": 9880
    },
    "percentage": {
        "ACTIVE": 67.49012858155311,
        "INACTIVE": 32.530364372469634,
        "INVALID": 0,
        "MALICIOUS": 0,
        "SANE": 0,
        "VALID": 0,
        "total": 100.02049295402274
    }
}