{
    "counter": {
        "ACTIVE": 5647,
        "INACTIVE": 2868,
        "INVALID": 0,
        "MALICIOUS": 0,
        "SANE": 0,
        "VALID": 0,
        "total": 8515
    },
    "percentage": {
        "ACTIVE": 66.32605120977215,
        "INACTIVE": 33.681738109219026,
        "INVALID": 0,
        "MALICIOUS": 0,
        "SANE": 0,
        "VALID": 0,
        "total": 100.00778931899117
    }
}