{
    "counter": {
        "ACTIVE": 5960,
        "INACTIVE": 2979,
        "INVALID": 0,
        "MALICIOUS": 0,
        "SANE": 0,
        "VALID": 0,
        "total": 8939
    },
    "percentage": {
        "ACTIVE": 66.67412462244098,
        "INACTIVE": 33.32960393824122,
        "INVALID": 0,
        "MALICIOUS": 0,
        "SANE": 0,
        "VALID": 0,
        "total": 100.0037285606822
    }
}