{
    "counter": {
        "ACTIVE": 3763,
        "INACTIVE": 1519,
        "INVALID": 0,
        "MALICIOUS": 0,
        "SANE": 0,
        "VALID": 0,
        "total": 5282
    },
    "percentage": {
        "ACTIVE": 71.30945613037711,
        "INACTIVE": 28.758046194623248,
        "INVALID": 0,
        "MALICIOUS": 0,
        "SANE": 0,
        "VALID": 0,
        "total": 100.06750232500036
    }
}