{
    "counter": {
        "ACTIVE": 7261,
        "INACTIVE": 3711,
        "INVALID": 0,
        "MALICIOUS": 0,
        "SANE": 0,
        "VALID": 0,
        "total": 10972
    },
    "percentage": {
        "ACTIVE": 66.19564226456377,
        "INACTIVE": 33.82245716368939,
        "INVALID": 0,
        "MALICIOUS": 0,
        "SANE": 0,
        "VALID": 0,
        "total": 100.01809942825317
    }
}