{
    "counter": {
        "ACTIVE": 4854,
        "INACTIVE": 2365,
        "INVALID": 0,
        "MALICIOUS": 0,
        "SANE": 0,
        "VALID": 0,
        "total": 7219
    },
    "percentage": {
        "ACTIVE": 67.24854530340815,
        "INACTIVE": 32.76077018977698,
        "INVALID": 0,
        "MALICIOUS": 0,
        "SANE": 0,
        "VALID": 0,
        "total": 100.00931549318513
    }
}