{
    "counter": {
        "ACTIVE": 5595,
        "INACTIVE": 2827,
        "INVALID": 0,
        "MALICIOUS": 0,
        "SANE": 0,
        "VALID": 0,
        "total": 8422
    },
    "percentage": {
        "ACTIVE": 66.46471846044192,
        "INACTIVE": 33.56684872951793,
        "INVALID": 0,
        "MALICIOUS": 0,
        "SANE": 0,
        "VALID": 0,
        "total": 100.03156718995984
    }
}