{
    "counter": {
        "ACTIVE": 3622,
        "INACTIVE": 1391,
        "INVALID": 0,
        "MALICIOUS": 0,
        "SANE": 0,
        "VALID": 0,
        "total": 5013
    },
    "percentage": {
        "ACTIVE": 72.26656025538708,
        "INACTIVE": 27.74785557550369,
        "INVALID": 0,
        "MALICIOUS": 0,
        "SANE": 0,
        "VALID": 0,
        "total": 100.01441583089077
    }
}