{
    "counter": {
        "ACTIVE": 7328,
        "INACTIVE": 3835,
        "INVALID": 0,
        "MALICIOUS": 0,
        "SANE": 0,
        "VALID": 0,
        "total": 11163
    },
    "percentage": {
        "ACTIVE": 65.6689667532933,
        "INACTIVE": 34.35456418525486,
        "INVALID": 0,
        "MALICIOUS": 0,
        "SANE": 0,
        "VALID": 0,
        "total": 100.02353093854816
    }
}