{
    "counter": {
        "ACTIVE": 7962,
        "INACTIVE": 4307,
        "INVALID": 0,
        "MALICIOUS": 0,
        "SANE": 0,
        "VALID": 0,
        "total": 12269
    },
    "percentage": {
        "ACTIVE": 64.90055428757744,
        "INACTIVE": 35.104735512266686,
        "INVALID": 0,
        "MALICIOUS": 0,
        "SANE": 0,
        "VALID": 0,
        "total": 100.00528979984412
    }
}