{
    "counter": {
        "ACTIVE": 4544,
        "INACTIVE": 2149,
        "INVALID": 0,
        "MALICIOUS": 0,
        "SANE": 0,
        "VALID": 0,
        "total": 6693
    },
    "percentage": {
        "ACTIVE": 67.92227204783259,
        "INACTIVE": 32.10817271776483,
        "INVALID": 0,
        "MALICIOUS": 0,
        "SANE": 0,
        "VALID": 0,
        "total": 100.03044476559742
    }
}