{
    "counter": {
        "ACTIVE": 13348,
        "INACTIVE": 5257,
        "INVALID": 0,
        "MALICIOUS": 0,
        "SANE": 0,
        "VALID": 0,
        "total": 18605
    },
    "percentage": {
        "ACTIVE": 71.74415479709755,
        "INACTIVE": 28.27104060231245,
        "INVALID": 0,
        "MALICIOUS": 0,
        "SANE": 0,
        "VALID": 0,
        "total": 100.01519539941
    }
}