{
    "counter": {
        "ACTIVE": 3442,
        "INACTIVE": 1256,
        "INVALID": 0,
        "MALICIOUS": 0,
        "SANE": 0,
        "VALID": 0,
        "total": 4698
    },
    "percentage": {
        "ACTIVE": 73.28081754311262,
        "INACTIVE": 26.734780757769265,
        "INVALID": 0,
        "MALICIOUS": 0,
        "SANE": 0,
        "VALID": 0,
        "total": 100.01559830088189
    }
}