{
    "counter": {
        "ACTIVE": 6987,
        "INACTIVE": 3413,
        "INVALID": 0,
        "MALICIOUS": 0,
        "SANE": 0,
        "VALID": 0,
        "total": 10400
    },
    "percentage": {
        "ACTIVE": 67.18915280315414,
        "INACTIVE": 32.81730769230769,
        "INVALID": 0,
        "MALICIOUS": 0,
        "SANE": 0,
        "VALID": 0,
        "total": 100.00646049546184
    }
}