{
    "counter": {
        "ACTIVE": 2198,
        "INACTIVE": 600,
        "INVALID": 0,
        "MALICIOUS": 0,
        "SANE": 0,
        "VALID": 0,
        "total": 2798
    },
    "percentage": {
        "ACTIVE": 78.61230329041487,
        "INACTIVE": 21.44388849177984,
        "INVALID": 0,
        "MALICIOUS": 0,
        "SANE": 0,
        "VALID": 0,
        "total": 100.05619178219472
    }
}