{
    "counter": {
        "ACTIVE": 2545,
        "INACTIVE": 754,
        "INVALID": 0,
        "MALICIOUS": 0,
        "SANE": 0,
        "VALID": 0,
        "total": 3299
    },
    "percentage": {
        "ACTIVE": 77.19138610858356,
        "INACTIVE": 22.8554107305244,
        "INVALID": 0,
        "MALICIOUS": 0,
        "SANE": 0,
        "VALID": 0,
        "total": 100.04679683910796
    }
}