{
    "counter": {
        "ACTIVE": 3284,
        "INACTIVE": 1155,
        "INVALID": 0,
        "MALICIOUS": 0,
        "SANE": 0,
        "VALID": 0,
        "total": 4439
    },
    "percentage": {
        "ACTIVE": 73.997296079315,
        "INACTIVE": 26.019373732822707,
        "INVALID": 0,
        "MALICIOUS": 0,
        "SANE": 0,
        "VALID": 0,
        "total": 100.0166698121377
    }
}