{
    "counter": {
        "ACTIVE": 3011,
        "INACTIVE": 991,
        "INVALID": 0,
        "MALICIOUS": 0,
        "SANE": 0,
        "VALID": 0,
        "total": 4002
    },
    "percentage": {
        "ACTIVE": 75.25618595351162,
        "INACTIVE": 24.762618690654673,
        "INVALID": 0,
        "MALICIOUS": 0,
        "SANE": 0,
        "VALID": 0,
        "total": 100.0188046441663
    }
}