{
    "counter": {
        "ACTIVE": 10232,
        "INACTIVE": 4661,
        "INVALID": 0,
        "MALICIOUS": 0,
        "SANE": 0,
        "VALID": 0,
        "total": 14893
    },
    "percentage": {
        "ACTIVE": 68.70803115766854,
        "INACTIVE": 31.29658228698046,
        "INVALID": 0,
        "MALICIOUS": 0,
        "SANE": 0,
        "VALID": 0,
        "total": 100.00461344464901
    }
}