{
    "counter": {
        "ACTIVE": 3761,
        "INACTIVE": 1506,
        "INVALID": 0,
        "MALICIOUS": 0,
        "SANE": 0,
        "VALID": 0,
        "total": 5267
    },
    "percentage": {
        "ACTIVE": 71.42043296619825,
        "INACTIVE": 28.59312701727739,
        "INVALID": 0,
        "MALICIOUS": 0,
        "SANE": 0,
        "VALID": 0,
        "total": 100.01355998347563
    }
}