{
    "counter": {
        "ACTIVE": 12720,
        "INACTIVE": 5204,
        "INVALID": 0,
        "MALICIOUS": 0,
        "SANE": 0,
        "VALID": 0,
        "total": 17924
    },
    "percentage": {
        "ACTIVE": 70.96630216469538,
        "INACTIVE": 29.03531774814484,
        "INVALID": 0,
        "MALICIOUS": 0,
        "SANE": 0,
        "VALID": 0,
        "total": 100.00161991284023
    }
}