{
    "counter": {
        "ACTIVE": 3215,
        "INACTIVE": 1118,
        "INVALID": 0,
        "MALICIOUS": 0,
        "SANE": 0,
        "VALID": 0,
        "total": 4333
    },
    "percentage": {
        "ACTIVE": 74.24942263279446,
        "INACTIVE": 25.801984768059082,
        "INVALID": 0,
        "MALICIOUS": 0,
        "SANE": 0,
        "VALID": 0,
        "total": 100.05140740085355
    }
}