{
    "counter": {
        "ACTIVE": 12583,
        "INACTIVE": 5186,
        "INVALID": 0,
        "MALICIOUS": 0,
        "SANE": 0,
        "VALID": 0,
        "total": 17769
    },
    "percentage": {
        "ACTIVE": 70.81433958016771,
        "INACTIVE": 29.20209471254012,
        "INVALID": 0,
        "MALICIOUS": 0,
        "SANE": 0,
        "VALID": 0,
        "total": 100.01643429270783
    }
}