{
    "counter": {
        "ACTIVE": 3023,
        "INACTIVE": 1003,
        "INVALID": 0,
        "MALICIOUS": 0,
        "SANE": 0,
        "VALID": 0,
        "total": 4026
    },
    "percentage": {
        "ACTIVE": 75.1055900621118,
        "INACTIVE": 24.9130650769995,
        "INVALID": 0,
        "MALICIOUS": 0,
        "SANE": 0,
        "VALID": 0,
        "total": 100.0186551391113
    }
}