{
    "counter": {
        "ACTIVE": 9459,
        "INACTIVE": 4531,
        "INVALID": 0,
        "MALICIOUS": 0,
        "SANE": 0,
        "VALID": 0,
        "total": 13990
    },
    "percentage": {
        "ACTIVE": 67.61741368217885,
        "INACTIVE": 32.38741958541816,
        "INVALID": 0,
        "MALICIOUS": 0,
        "SANE": 0,
        "VALID": 0,
        "total": 100.00483326759701
    }
}