{
    "counter": {
        "ACTIVE": 8405,
        "INACTIVE": 4353,
        "INVALID": 0,
        "MALICIOUS": 0,
        "SANE": 0,
        "VALID": 0,
        "total": 12758
    },
    "percentage": {
        "ACTIVE": 65.88539625303754,
        "INACTIVE": 34.119767988712965,
        "INVALID": 0,
        "MALICIOUS": 0,
        "SANE": 0,
        "VALID": 0,
        "total": 100.0051642417505
    }
}