{
    "counter": {
        "ACTIVE": 3951,
        "INACTIVE": 1785,
        "INVALID": 0,
        "MALICIOUS": 0,
        "SANE": 0,
        "VALID": 0,
        "total": 5736
    },
    "percentage": {
        "ACTIVE": 68.90477851412626,
        "INACTIVE": 31.119246861924687,
        "INVALID": 0,
        "MALICIOUS": 0,
        "SANE": 0,
        "VALID": 0,
        "total": 100.02402537605096
    }
}