{
    "counter": {
        "ACTIVE": 4236,
        "INACTIVE": 2030,
        "INVALID": 0,
        "MALICIOUS": 0,
        "SANE": 0,
        "VALID": 0,
        "total": 6266
    },
    "percentage": {
        "ACTIVE": 67.61372705506784,
        "INACTIVE": 32.397063517395466,
        "INVALID": 0,
        "MALICIOUS": 0,
        "SANE": 0,
        "VALID": 0,
        "total": 100.0107905724633
    }
}