{
    "counter": {
        "ACTIVE": 1725,
        "INACTIVE": 416,
        "INVALID": 0,
        "MALICIOUS": 0,
        "SANE": 0,
        "VALID": 0,
        "total": 2141
    },
    "percentage": {
        "ACTIVE": 80.60747663551402,
        "INACTIVE": 19.430172816440916,
        "INVALID": 0,
        "MALICIOUS": 0,
        "SANE": 0,
        "VALID": 0,
        "total": 100.03764945195493
    }
}