{
    "counter": {
        "ACTIVE": 7064,
        "INACTIVE": 3495,
        "INVALID": 0,
        "MALICIOUS": 0,
        "SANE": 0,
        "VALID": 0,
        "total": 10559
    },
    "percentage": {
        "ACTIVE": 66.91294875438098,
        "INACTIVE": 33.09972535277962,
        "INVALID": 0,
        "MALICIOUS": 0,
        "SANE": 0,
        "VALID": 0,
        "total": 100.01267410716059
    }
}