{
    "counter": {
        "ACTIVE": 13420,
        "INACTIVE": 5264,
        "INVALID": 0,
        "MALICIOUS": 0,
        "SANE": 0,
        "VALID": 0,
        "total": 18684
    },
    "percentage": {
        "ACTIVE": 71.82616142153715,
        "INACTIVE": 28.237313592962128,
        "INVALID": 0,
        "MALICIOUS": 0,
        "SANE": 0,
        "VALID": 0,
        "total": 100.06347501449928
    }
}