{
    "counter": {
        "ACTIVE": 3894,
        "INACTIVE": 1718,
        "INVALID": 0,
        "MALICIOUS": 0,
        "SANE": 0,
        "VALID": 0,
        "total": 5612
    },
    "percentage": {
        "ACTIVE": 69.39939404740689,
        "INACTIVE": 30.61297220242338,
        "INVALID": 0,
        "MALICIOUS": 0,
        "SANE": 0,
        "VALID": 0,
        "total": 100.01236624983027
    }
}