{
    "counter": {
        "ACTIVE": 4228,
        "INACTIVE": 2017,
        "INVALID": 0,
        "MALICIOUS": 0,
        "SANE": 0,
        "VALID": 0,
        "total": 6245
    },
    "percentage": {
        "ACTIVE": 67.72385071279834,
        "INACTIVE": 32.297838270616495,
        "INVALID": 0,
        "MALICIOUS": 0,
        "SANE": 0,
        "VALID": 0,
        "total": 100.02168898341483
    }
}