{
    "counter": {
        "ACTIVE": 3092,
        "INACTIVE": 1038,
        "INVALID": 0,
        "MALICIOUS": 0,
        "SANE": 0,
        "VALID": 0,
        "total": 4130
    },
    "percentage": {
        "ACTIVE": 74.90310077519379,
        "INACTIVE": 25.13317191283293,
        "INVALID": 0,
        "MALICIOUS": 0,
        "SANE": 0,
        "VALID": 0,
        "total": 100.03627268802671
    }
}