{
    "counter": {
        "ACTIVE": 6333,
        "INACTIVE": 3133,
        "INVALID": 0,
        "MALICIOUS": 0,
        "SANE": 0,
        "VALID": 0,
        "total": 9466
    },
    "percentage": {
        "ACTIVE": 66.90966719492869,
        "INACTIVE": 33.09740122543841,
        "INVALID": 0,
        "MALICIOUS": 0,
        "SANE": 0,
        "VALID": 0,
        "total": 100.00706842036709
    }
}