{
    "counter": {
        "ACTIVE": 6048,
        "INACTIVE": 3030,
        "INVALID": 0,
        "MALICIOUS": 0,
        "SANE": 0,
        "VALID": 0,
        "total": 9078
    },
    "percentage": {
        "ACTIVE": 66.63728514764213,
        "INACTIVE": 33.3773959021811,
        "INVALID": 0,
        "MALICIOUS": 0,
        "SANE": 0,
        "VALID": 0,
        "total": 100.01468104982322
    }
}