{
    "counter": {
        "ACTIVE": 3855,
        "INACTIVE": 1666,
        "INVALID": 0,
        "MALICIOUS": 0,
        "SANE": 0,
        "VALID": 0,
        "total": 5521
    },
    "percentage": {
        "ACTIVE": 69.87493202827623,
        "INACTIVE": 30.17569280927368,
        "INVALID": 0,
        "MALICIOUS": 0,
        "SANE": 0,
        "VALID": 0,
        "total": 100.05062483754992
    }
}