{
    "counter": {
        "ACTIVE": 9108,
        "INACTIVE": 4459,
        "INVALID": 0,
        "MALICIOUS": 0,
        "SANE": 0,
        "VALID": 0,
        "total": 13567
    },
    "percentage": {
        "ACTIVE": 67.13843432109687,
        "INACTIVE": 32.8665143362571,
        "INVALID": 0,
        "MALICIOUS": 0,
        "SANE": 0,
        "VALID": 0,
        "total": 100.00494865735396
    }
}