{
    "counter": {
        "ACTIVE": 8751,
        "INACTIVE": 4409,
        "INVALID": 0,
        "MALICIOUS": 0,
        "SANE": 0,
        "VALID": 0,
        "total": 13160
    },
    "percentage": {
        "ACTIVE": 66.50201383083821,
        "INACTIVE": 33.50303951367781,
        "INVALID": 0,
        "MALICIOUS": 0,
        "SANE": 0,
        "VALID": 0,
        "total": 100.00505334451603
    }
}