{
    "counter": {
        "ACTIVE": 12485,
        "INACTIVE": 5149,
        "INVALID": 0,
        "MALICIOUS": 0,
        "SANE": 0,
        "VALID": 0,
        "total": 17634
    },
    "percentage": {
        "ACTIVE": 70.80474111041796,
        "INACTIVE": 29.199274129522514,
        "INVALID": 0,
        "MALICIOUS": 0,
        "SANE": 0,
        "VALID": 0,
        "total": 100.00401523994049
    }
}