{
    "counter": {
        "ACTIVE": 9310,
        "INACTIVE": 4500,
        "INVALID": 0,
        "MALICIOUS": 0,
        "SANE": 0,
        "VALID": 0,
        "total": 13810
    },
    "percentage": {
        "ACTIVE": 67.41979868201898,
        "INACTIVE": 32.58508327299059,
        "INVALID": 0,
        "MALICIOUS": 0,
        "SANE": 0,
        "VALID": 0,
        "total": 100.00488195500957
    }
}