{
    "counter": {
        "ACTIVE": 12761,
        "INACTIVE": 5210,
        "INVALID": 0,
        "MALICIOUS": 0,
        "SANE": 0,
        "VALID": 0,
        "total": 17971
    },
    "percentage": {
        "ACTIVE": 71.00884758778031,
        "INACTIVE": 29.033156868208415,
        "INVALID": 0,
        "MALICIOUS": 0,
        "SANE": 0,
        "VALID": 0,
        "total": 100.04200445598872
    }
}