{
    "counter": {
        "ACTIVE": 3750,
        "INACTIVE": 1493,
        "INVALID": 0,
        "MALICIOUS": 0,
        "SANE": 0,
        "VALID": 0,
        "total": 5243
    },
    "percentage": {
        "ACTIVE": 71.55123068116771,
        "INACTIVE": 28.47606332252527,
        "INVALID": 0,
        "MALICIOUS": 0,
        "SANE": 0,
        "VALID": 0,
        "total": 100.02729400369299
    }
}