{
    "counter": {
        "ACTIVE": 3915,
        "INACTIVE": 1745,
        "INVALID": 0,
        "MALICIOUS": 0,
        "SANE": 0,
        "VALID": 0,
        "total": 5660
    },
    "percentage": {
        "ACTIVE": 69.24301379554298,
        "INACTIVE": 30.830388692579504,
        "INVALID": 0,
        "MALICIOUS": 0,
        "SANE": 0,
        "VALID": 0,
        "total": 100.07340248812248
    }
}