{
    "counter": {
        "ACTIVE": 4634,
        "INACTIVE": 2238,
        "INVALID": 0,
        "MALICIOUS": 0,
        "SANE": 0,
        "VALID": 0,
        "total": 6872
    },
    "percentage": {
        "ACTIVE": 67.45269286754002,
        "INACTIVE": 32.56693830034924,
        "INVALID": 0,
        "MALICIOUS": 0,
        "SANE": 0,
        "VALID": 0,
        "total": 100.01963116788926
    }
}