{
    "counter": {
        "ACTIVE": 4168,
        "INACTIVE": 1964,
        "INVALID": 0,
        "MALICIOUS": 0,
        "SANE": 0,
        "VALID": 0,
        "total": 6132
    },
    "percentage": {
        "ACTIVE": 68.01566579634465,
        "INACTIVE": 32.02870189171559,
        "INVALID": 0,
        "MALICIOUS": 0,
        "SANE": 0,
        "VALID": 0,
        "total": 100.04436768806025
    }
}