{
    "counter": {
        "ACTIVE": 2470,
        "INACTIVE": 716,
        "INVALID": 0,
        "MALICIOUS": 0,
        "SANE": 0,
        "VALID": 0,
        "total": 3186
    },
    "percentage": {
        "ACTIVE": 77.55102040816327,
        "INACTIVE": 22.473320778405522,
        "INVALID": 0,
        "MALICIOUS": 0,
        "SANE": 0,
        "VALID": 0,
        "total": 100.02434118656879
    }
}