{
    "counter": {
        "ACTIVE": 7362,
        "INACTIVE": 3932,
        "INVALID": 0,
        "MALICIOUS": 0,
        "SANE": 0,
        "VALID": 0,
        "total": 11294
    },
    "percentage": {
        "ACTIVE": 65.19082617550696,
        "INACTIVE": 34.81494598902072,
        "INVALID": 0,
        "MALICIOUS": 0,
        "SANE": 0,
        "VALID": 0,
        "total": 100.00577216452768
    }
}