{
    "counter": {
        "ACTIVE": 5547,
        "INACTIVE": 2723,
        "INVALID": 0,
        "MALICIOUS": 0,
        "SANE": 0,
        "VALID": 0,
        "total": 8270
    },
    "percentage": {
        "ACTIVE": 67.0899854862119,
        "INACTIVE": 32.926239419588875,
        "INVALID": 0,
        "MALICIOUS": 0,
        "SANE": 0,
        "VALID": 0,
        "total": 100.01622490580078
    }
}