{
    "counter": {
        "ACTIVE": 2125,
        "INACTIVE": 545,
        "INVALID": 0,
        "MALICIOUS": 0,
        "SANE": 0,
        "VALID": 0,
        "total": 2670
    },
    "percentage": {
        "ACTIVE": 79.73733583489681,
        "INACTIVE": 20.411985018726593,
        "INVALID": 0,
        "MALICIOUS": 0,
        "SANE": 0,
        "VALID": 0,
        "total": 100.14932085362341
    }
}