{
    "counter": {
        "ACTIVE": 9168,
        "INACTIVE": 4469,
        "INVALID": 0,
        "MALICIOUS": 0,
        "SANE": 0,
        "VALID": 0,
        "total": 13637
    },
    "percentage": {
        "ACTIVE": 67.23379290114403,
        "INACTIVE": 32.77113734692381,
        "INVALID": 0,
        "MALICIOUS": 0,
        "SANE": 0,
        "VALID": 0,
        "total": 100.00493024806784
    }
}