{
    "counter": {
        "ACTIVE": 7436,
        "INACTIVE": 4050,
        "INVALID": 0,
        "MALICIOUS": 0,
        "SANE": 0,
        "VALID": 0,
        "total": 11486
    },
    "percentage": {
        "ACTIVE": 64.74531998258598,
        "INACTIVE": 35.26031690753961,
        "INVALID": 0,
        "MALICIOUS": 0,
        "SANE": 0,
        "VALID": 0,
        "total": 100.0056368901256
    }
}