{
    "counter": {
        "ACTIVE": 3370,
        "INACTIVE": 1206,
        "INVALID": 0,
        "MALICIOUS": 0,
        "SANE": 0,
        "VALID": 0,
        "total": 4576
    },
    "percentage": {
        "ACTIVE": 73.67730651508526,
        "INACTIVE": 26.354895104895103,
        "INVALID": 0,
        "MALICIOUS": 0,
        "SANE": 0,
        "VALID": 0,
        "total": 100.03220161998037
    }
}