{
    "counter": {
        "ACTIVE": 10472,
        "INACTIVE": 4712,
        "INVALID": 0,
        "MALICIOUS": 0,
        "SANE": 0,
        "VALID": 0,
        "total": 15184
    },
    "percentage": {
        "ACTIVE": 68.9673340358272,
        "INACTIVE": 31.051070840197692,
        "INVALID": 0,
        "MALICIOUS": 0,
        "SANE": 0,
        "VALID": 0,
        "total": 100.01840487602489
    }
}