{
    "counter": {
        "ACTIVE": 1181,
        "INACTIVE": 207,
        "INVALID": 0,
        "MALICIOUS": 0,
        "SANE": 0,
        "VALID": 0,
        "total": 1388
    },
    "percentage": {
        "ACTIVE": 85.14780100937274,
        "INACTIVE": 14.913544668587896,
        "INVALID": 0,
        "MALICIOUS": 0,
        "SANE": 0,
        "VALID": 0,
        "total": 100.06134567796065
    }
}