{
    "counter": {
        "ACTIVE": 8680,
        "INACTIVE": 4398,
        "INVALID": 0,
        "MALICIOUS": 0,
        "SANE": 0,
        "VALID": 0,
        "total": 13078
    },
    "percentage": {
        "ACTIVE": 66.37608014070506,
        "INACTIVE": 33.628995259213944,
        "INVALID": 0,
        "MALICIOUS": 0,
        "SANE": 0,
        "VALID": 0,
        "total": 100.00507539991901
    }
}