{
    "counter": {
        "ACTIVE": 7393,
        "INACTIVE": 3984,
        "INVALID": 0,
        "MALICIOUS": 0,
        "SANE": 0,
        "VALID": 0,
        "total": 11377
    },
    "percentage": {
        "ACTIVE": 65.00483601512354,
        "INACTIVE": 35.01801880987958,
        "INVALID": 0,
        "MALICIOUS": 0,
        "SANE": 0,
        "VALID": 0,
        "total": 100.02285482500312
    }
}