{
    "counter": {
        "ACTIVE": 6160,
        "INACTIVE": 3069,
        "INVALID": 0,
        "MALICIOUS": 0,
        "SANE": 0,
        "VALID": 0,
        "total": 9229
    },
    "percentage": {
        "ACTIVE": 66.75335934113568,
        "INACTIVE": 33.253873659118,
        "INVALID": 0,
        "MALICIOUS": 0,
        "SANE": 0,
        "VALID": 0,
        "total": 100.00723300025368
    }
}