{
    "counter": {
        "ACTIVE": 7442,
        "INACTIVE": 4065,
        "INVALID": 0,
        "MALICIOUS": 0,
        "SANE": 0,
        "VALID": 0,
        "total": 11507
    },
    "percentage": {
        "ACTIVE": 64.67367689232641,
        "INACTIVE": 35.32939335998609,
        "INVALID": 0,
        "MALICIOUS": 0,
        "SANE": 0,
        "VALID": 0,
        "total": 100.00307025231251
    }
}