{
    "counter": {
        "ACTIVE": 4093,
        "INACTIVE": 1898,
        "INVALID": 0,
        "MALICIOUS": 0,
        "SANE": 0,
        "VALID": 0,
        "total": 5991
    },
    "percentage": {
        "ACTIVE": 68.33055091819699,
        "INACTIVE": 31.68085461525622,
        "INVALID": 0,
        "MALICIOUS": 0,
        "SANE": 0,
        "VALID": 0,
        "total": 100.01140553345321
    }
}