{
    "counter": {
        "ACTIVE": 6832,
        "INACTIVE": 3265,
        "INVALID": 0,
        "MALICIOUS": 0,
        "SANE": 0,
        "VALID": 0,
        "total": 10097
    },
    "percentage": {
        "ACTIVE": 67.66366247400218,
        "INACTIVE": 32.33954041204437,
        "INVALID": 0,
        "MALICIOUS": 0,
        "SANE": 0,
        "VALID": 0,
        "total": 100.00320288604655
    }
}