{
    "counter": {
        "ACTIVE": 13158,
        "INACTIVE": 5248,
        "INVALID": 0,
        "MALICIOUS": 0,
        "SANE": 0,
        "VALID": 0,
        "total": 18406
    },
    "percentage": {
        "ACTIVE": 71.48755840486798,
        "INACTIVE": 28.526390172310702,
        "INVALID": 0,
        "MALICIOUS": 0,
        "SANE": 0,
        "VALID": 0,
        "total": 100.01394857717868
    }
}