{
    "counter": {
        "ACTIVE": 13759,
        "INACTIVE": 5317,
        "INVALID": 0,
        "MALICIOUS": 0,
        "SANE": 0,
        "VALID": 0,
        "total": 19076
    },
    "percentage": {
        "ACTIVE": 72.1310615989515,
        "INACTIVE": 27.87271964772489,
        "INVALID": 0,
        "MALICIOUS": 0,
        "SANE": 0,
        "VALID": 0,
        "total": 100.0037812466764
    }
}