{
    "counter": {
        "ACTIVE": 4399,
        "INACTIVE": 2100,
        "INVALID": 0,
        "MALICIOUS": 0,
        "SANE": 0,
        "VALID": 0,
        "total": 6499
    },
    "percentage": {
        "ACTIVE": 67.68733651330975,
        "INACTIVE": 32.337542346781646,
        "INVALID": 0,
        "MALICIOUS": 0,
        "SANE": 0,
        "VALID": 0,
        "total": 100.02487886009139
    }
}