{
    "counter": {
        "ACTIVE": 3659,
        "INACTIVE": 1443,
        "INVALID": 0,
        "MALICIOUS": 0,
        "SANE": 0,
        "VALID": 0,
        "total": 5102
    },
    "percentage": {
        "ACTIVE": 71.73103313075868,
        "INACTIVE": 28.283026264210115,
        "INVALID": 0,
        "MALICIOUS": 0,
        "SANE": 0,
        "VALID": 0,
        "total": 100.0140593949688
    }
}