{
    "counter": {
        "ACTIVE": 4460,
        "INACTIVE": 2124,
        "INVALID": 0,
        "MALICIOUS": 0,
        "SANE": 0,
        "VALID": 0,
        "total": 6584
    },
    "percentage": {
        "ACTIVE": 67.75026583624488,
        "INACTIVE": 32.26002430133657,
        "INVALID": 0,
        "MALICIOUS": 0,
        "SANE": 0,
        "VALID": 0,
        "total": 100.01029013758145
    }
}