{
    "counter": {
        "ACTIVE": 7469,
        "INACTIVE": 4118,
        "INVALID": 0,
        "MALICIOUS": 0,
        "SANE": 0,
        "VALID": 0,
        "total": 11587
    },
    "percentage": {
        "ACTIVE": 64.47686464088397,
        "INACTIVE": 35.53982911884008,
        "INVALID": 0,
        "MALICIOUS": 0,
        "SANE": 0,
        "VALID": 0,
        "total": 100.01669375972406
    }
}