{
    "counter": {
        "ACTIVE": 3802,
        "INACTIVE": 1571,
        "INVALID": 0,
        "MALICIOUS": 0,
        "SANE": 0,
        "VALID": 0,
        "total": 5373
    },
    "percentage": {
        "ACTIVE": 70.77438570364855,
        "INACTIVE": 29.238786525218686,
        "INVALID": 0,
        "MALICIOUS": 0,
        "SANE": 0,
        "VALID": 0,
        "total": 100.01317222886723
    }
}