{
    "counter": {
        "ACTIVE": 12460,
        "INACTIVE": 5137,
        "INVALID": 0,
        "MALICIOUS": 0,
        "SANE": 0,
        "VALID": 0,
        "total": 17597
    },
    "percentage": {
        "ACTIVE": 70.81154807910889,
        "INACTIVE": 29.192475990225606,
        "INVALID": 0,
        "MALICIOUS": 0,
        "SANE": 0,
        "VALID": 0,
        "total": 100.00402406933449
    }
}