{
    "counter": {
        "ACTIVE": 8608,
        "INACTIVE": 4387,
        "INVALID": 0,
        "MALICIOUS": 0,
        "SANE": 0,
        "VALID": 0,
        "total": 12995
    },
    "percentage": {
        "ACTIVE": 66.25105826214116,
        "INACTIVE": 33.75913813005002,
        "INVALID": 0,
        "MALICIOUS": 0,
        "SANE": 0,
        "VALID": 0,
        "total": 100.01019639219118
    }
}