{
    "counter": {
        "ACTIVE": 14426,
        "INACTIVE": 5366,
        "INVALID": 0,
        "MALICIOUS": 0,
        "SANE": 0,
        "VALID": 0,
        "total": 19792
    },
    "percentage": {
        "ACTIVE": 72.88803556992724,
        "INACTIVE": 27.14076172171362,
        "INVALID": 0,
        "MALICIOUS": 0,
        "SANE": 0,
        "VALID": 0,
        "total": 100.02879729164086
    }
}