{
    "counter": {
        "ACTIVE": 12429,
        "INACTIVE": 5125,
        "INVALID": 0,
        "MALICIOUS": 0,
        "SANE": 0,
        "VALID": 0,
        "total": 17554
    },
    "percentage": {
        "ACTIVE": 70.81244302643573,
        "INACTIVE": 29.19562492879116,
        "INVALID": 0,
        "MALICIOUS": 0,
        "SANE": 0,
        "VALID": 0,
        "total": 100.00806795522689
    }
}