{
    "counter": {
        "ACTIVE": 7808,
        "INACTIVE": 4300,
        "INVALID": 0,
        "MALICIOUS": 0,
        "SANE": 0,
        "VALID": 0,
        "total": 12108
    },
    "percentage": {
        "ACTIVE": 64.49161642025274,
        "INACTIVE": 35.51370994383878,
        "INVALID": 0,
        "MALICIOUS": 0,
        "SANE": 0,
        "VALID": 0,
        "total": 100.00532636409153
    }
}