{
    "counter": {
        "ACTIVE": 214,
        "INACTIVE": 7,
        "INVALID": 0,
        "MALICIOUS": 0,
        "SANE": 0,
        "VALID": 0,
        "total": 221
    },
    "percentage": {
        "ACTIVE": 96.83257918552036,
        "INACTIVE": 3.3653846153846154,
        "INVALID": 0,
        "MALICIOUS": 0,
        "SANE": 0,
        "VALID": 0,
        "total": 100.19796380090497
    }
}