{
    "counter": {
        "ACTIVE": 212,
        "INACTIVE": 7,
        "INVALID": 0,
        "MALICIOUS": 0,
        "SANE": 0,
        "VALID": 0,
        "total": 219
    },
    "percentage": {
        "ACTIVE": 96.80365296803653,
        "INACTIVE": 3.3653846153846154,
        "INVALID": 0,
        "MALICIOUS": 0,
        "SANE": 0,
        "VALID": 0,
        "total": 100.16903758342114
    }
}