{
    "counter": {
        "ACTIVE": 207,
        "INACTIVE": 7,
        "INVALID": 0,
        "MALICIOUS": 0,
        "SANE": 0,
        "VALID": 0,
        "total": 214
    },
    "percentage": {
        "ACTIVE": 96.72897196261682,
        "INACTIVE": 3.3653846153846154,
        "INVALID": 0,
        "MALICIOUS": 0,
        "SANE": 0,
        "VALID": 0,
        "total": 100.09435657800144
    }
}