{
    "counter": {
        "ACTIVE": 208,
        "INACTIVE": 7,
        "INVALID": 0,
        "MALICIOUS": 0,
        "SANE": 0,
        "VALID": 0,
        "total": 215
    },
    "percentage": {
        "ACTIVE": 96.74418604651163,
        "INACTIVE": 3.3653846153846154,
        "INVALID": 0,
        "MALICIOUS": 0,
        "SANE": 0,
        "VALID": 0,
        "total": 100.10957066189624
    }
}