{
    "counter": {
        "ACTIVE": 202,
        "INACTIVE": 7,
        "INVALID": 0,
        "MALICIOUS": 0,
        "SANE": 0,
        "VALID": 0,
        "total": 209
    },
    "percentage": {
        "ACTIVE": 96.65071770334929,
        "INACTIVE": 3.3653846153846154,
        "INVALID": 0,
        "MALICIOUS": 0,
        "SANE": 0,
        "VALID": 0,
        "total": 100.0161023187339
    }
}