{
    "counter": {
        "ACTIVE": 479,
        "INACTIVE": 36,
        "INVALID": 0,
        "MALICIOUS": 0,
        "SANE": 0,
        "VALID": 0,
        "total": 515
    },
    "percentage": {
        "ACTIVE": 93.19066147859922,
        "INACTIVE": 6.990291262135922,
        "INVALID": 0,
        "MALICIOUS": 0,
        "SANE": 0,
        "VALID": 0,
        "total": 100.18095274073515
    }
}