{
    "counter": {
        "ACTIVE": 381,
        "INACTIVE": 30,
        "INVALID": 0,
        "MALICIOUS": 0,
        "SANE": 0,
        "VALID": 0,
        "total": 411
    },
    "percentage": {
        "ACTIVE": 92.92682926829268,
        "INACTIVE": 7.299270072992701,
        "INVALID": 0,
        "MALICIOUS": 0,
        "SANE": 0,
        "VALID": 0,
        "total": 100.22609934128538
    }
}