{
    "counter": {
        "ACTIVE": 215,
        "INACTIVE": 12,
        "INVALID": 0,
        "MALICIOUS": 0,
        "SANE": 0,
        "VALID": 0,
        "total": 227
    },
    "percentage": {
        "ACTIVE": 95.13274336283186,
        "INACTIVE": 5.286343612334802,
        "INVALID": 0,
        "MALICIOUS": 0,
        "SANE": 0,
        "VALID": 0,
        "total": 100.41908697516666
    }
}