{
    "counter": {
        "ACTIVE": 812,
        "INACTIVE": 58,
        "INVALID": 0,
        "MALICIOUS": 0,
        "SANE": 0,
        "VALID": 0,
        "total": 870
    },
    "percentage": {
        "ACTIVE": 93.33333333333333,
        "INACTIVE": 7.332490518331226,
        "INVALID": 0,
        "MALICIOUS": 0,
        "SANE": 0,
        "VALID": 0,
        "total": 100.66582385166456
    }
}