{
    "counter": {
        "ACTIVE": 38,
        "INACTIVE": 1,
        "INVALID": 0,
        "MALICIOUS": 0,
        "SANE": 0,
        "VALID": 0,
        "total": 39
    },
    "percentage": {
        "ACTIVE": 97.43589743589743,
        "INACTIVE": 33.333333333333336,
        "INVALID": 0,
        "MALICIOUS": 0,
        "SANE": 0,
        "VALID": 0,
        "total": 130.76923076923077
    }
}