{
    "counter": {
        "ACTIVE": 810,
        "INACTIVE": 58,
        "INVALID": 0,
        "MALICIOUS": 0,
        "SANE": 0,
        "VALID": 0,
        "total": 868
    },
    "percentage": {
        "ACTIVE": 93.31797235023042,
        "INACTIVE": 7.332490518331226,
        "INVALID": 0,
        "MALICIOUS": 0,
        "SANE": 0,
        "VALID": 0,
        "total": 100.65046286856165
    }
}