{
    "counter": {
        "ACTIVE": 814,
        "INACTIVE": 58,
        "INVALID": 0,
        "MALICIOUS": 0,
        "SANE": 0,
        "VALID": 0,
        "total": 872
    },
    "percentage": {
        "ACTIVE": 93.34862385321101,
        "INACTIVE": 7.332490518331226,
        "INVALID": 0,
        "MALICIOUS": 0,
        "SANE": 0,
        "VALID": 0,
        "total": 100.68111437154224
    }
}