{
    "counter": {
        "ACTIVE": 311,
        "INACTIVE": 24,
        "INVALID": 0,
        "MALICIOUS": 0,
        "SANE": 0,
        "VALID": 0,
        "total": 335
    },
    "percentage": {
        "ACTIVE": 92.83582089552239,
        "INACTIVE": 7.453416149068323,
        "INVALID": 0,
        "MALICIOUS": 0,
        "SANE": 0,
        "VALID": 0,
        "total": 100.2892370445907
    }
}