{
    "counter": {
        "ACTIVE": 815,
        "INACTIVE": 58,
        "INVALID": 0,
        "MALICIOUS": 0,
        "SANE": 0,
        "VALID": 0,
        "total": 873
    },
    "percentage": {
        "ACTIVE": 93.35624284077892,
        "INACTIVE": 7.332490518331226,
        "INVALID": 0,
        "MALICIOUS": 0,
        "SANE": 0,
        "VALID": 0,
        "total": 100.68873335911015
    }
}