{
    "counter": {
        "ACTIVE": 258,
        "INACTIVE": 18,
        "INVALID": 0,
        "MALICIOUS": 0,
        "SANE": 0,
        "VALID": 0,
        "total": 276
    },
    "percentage": {
        "ACTIVE": 93.47826086956522,
        "INACTIVE": 6.666666666666667,
        "INVALID": 0,
        "MALICIOUS": 0,
        "SANE": 0,
        "VALID": 0,
        "total": 100.14492753623189
    }
}