{
    "counter": {
        "ACTIVE": 807,
        "INACTIVE": 58,
        "INVALID": 0,
        "MALICIOUS": 0,
        "SANE": 0,
        "VALID": 0,
        "total": 865
    },
    "percentage": {
        "ACTIVE": 93.29479768786128,
        "INACTIVE": 7.332490518331226,
        "INVALID": 0,
        "MALICIOUS": 0,
        "SANE": 0,
        "VALID": 0,
        "total": 100.6272882061925
    }
}