{
    "counter": {
        "ACTIVE": 573,
        "INACTIVE": 41,
        "INVALID": 0,
        "MALICIOUS": 0,
        "SANE": 0,
        "VALID": 0,
        "total": 614
    },
    "percentage": {
        "ACTIVE": 93.4747145187602,
        "INACTIVE": 6.677524429967427,
        "INVALID": 0,
        "MALICIOUS": 0,
        "SANE": 0,
        "VALID": 0,
        "total": 100.15223894872761
    }
}